385,43,0,56,0,0,0,0,0,1,0,0,0,0,1,0,,,,
385,44,0,56,0,0,0,0,0,1,0,0,0,0,1,0,,,,
385,45,0,56,0,0,0,0,0,1,0,0,0,0,1,0,,,,
385,46,0,56,0,0,0,0,0,1,0,0,0,0,1,0,,,,
385,47,0,56,0,0,0,0,0,1,0,0,0,0,1,0,,,,
385,48,0,56,0,0,0,0,0,1,0,0,0,0,1,0,,,,
385,49,0,56,0,0,0,0,0,1,0,0,0,0,1,0,,,,
385,50,0,56,0,0,0,0,0,1,0,0,0,0,1,0,,,,
385,51,0,56,0,0,0,0,0,1,0,0,0,0,1,0,,,,
385,52,0,56,0,0,0,0,0,1,0,0,0,0,1,0,,,,
385,53,0,56,0,0,0,0,0,1,0,0,0,0,1,0,,,,
385,54,0,56,0,0,0,0,0,1,0,0,0,0,1,0,,,,
385,55,0,56,0,0,0,0,0,1,0,0,0,0,1,0,,,,
385,56,0,56,0,0,0,0,0,1,0,0,0,0,1,0,,,,
385,57,0,56,0,0,0,0,0,1,0,0,0,0,1,0,,,,
385,58,0,56,0,0,0,0,0,1,0,0,0,0,1,0,,,,
385,59,0,56,0,0,0,0,0,1,0,0,0,0,1,0,,,,
385,60,0,56,0,0,0,0,0,1,0,0,0,0,1,0,,,,
385,61,0,56,0,0,0,0,0,1,0,0,0,0,1,0,,,,
385,62,0,56,0,0,0,0,0,1,0,0,0,0,1,0,,,,
385,63,0,56,0,0,0,0,0,1,0,0,0,0,1,0,,,,
385,64,0,56,0,0,0,0,0,1,0,0,0,0,1,0,,,,
385,65,0,56,0,0,0,0,0,1,0,0,0,0,1,0,,,,
385,66,0,56,0,0,0,0,0,1,0,0,0,0,1,0,,,,
385,67,0,56,0,0,0,0,0,1,0,0,0,0,1,0,,,,
386,43,0,56,0,0,0,0,0,1,0,0,0,0,1,0,,,,
386,44,0,56,0,0,0,0,0,1,0,0,0,0,1,0,,,,
386,45,0,56,0,0,0,0,0,1,0,0,0,0,1,0,,,,
386,46,0,56,0,0,0,0,0,1,0,0,0,0,1,0,,,,
386,47,0,56,0,0,0,0,0,1,0,0,0,0,1,0,,,,
386,48,0,56,0,0,0,0,0,1,0,0,0,0,1,0,,,,
386,49,0,56,0,0,0,0,0,1,0,0,0,0,1,0,,,,
386,50,0,56,0,0,0,0,0,1,0,0,0,0,1,0,,,,
386,51,0,56,0,0,0,0,0,1,0,0,0,0,1,0,,,,
386,52,0,56,0,0,0,0,0,1,0,0,0,0,1,0,,,,
386,53,0,56,0,0,0,0,0,1,0,0,0,0,1,0,,,,
386,54,0,56,0,0,0,0,0,1,0,0,0,0,1,0,,,,
386,55,0,56,0,0,0,0,0,1,0,0,0,0,1,0,,,,
386,56,0,56,0,0,0,0,0,1,0,0,0,0,1,0,,,,
386,57,0,56,0,0,0,0,0,1,0,0,0,0,1,0,,,,
386,58,0,56,0,0,0,0,0,1,0,0,0,0,1,0,,,,
386,59,0,56,0,0,0,0,0,1,0,0,0,0,1,0,,,,
386,60,0,56,0,0,0,0,0,1,0,0,0,0,1,0,,,,
386,61,0,56,0,0,0,0,0,1,0,0,0,0,1,0,,,,
386,62,0,56,0,0,0,0,0,1,0,0,0,0,1,0,,,,
386,63,0,56,0,0,0,0,0,1,0,0,0,0,1,0,,,,
386,64,0,56,0,0,0,0,0,1,0,0,0,0,1,0,,,,
386,65,0,56,0,0,0,0,0,1,0,0,0,0,1,0,,,,
386,66,0,56,0,0,0,0,0,1,0,0,0,0,1,0,,,,
386,67,0,56,0,0,0,0,0,1,0,0,0,0,1,0,,,,
387,43,0,56,0,0,0,0,0,1,0,0,0,0,1,0,,,,
387,44,0,56,0,0,0,0,0,1,0,0,0,0,1,0,,,,
387,45,0,56,0,0,0,0,0,1,0,0,0,0,1,0,,,,
387,46,0,56,0,0,0,0,0,1,0,0,0,0,1,0,,,,
387,47,0,56,0,0,0,0,0,1,0,0,0,0,1,0,,,,
387,48,0,56,0,0,0,0,0,1,0,0,0,0,1,0,,,,
387,49,0,56,0,0,0,0,0,1,0,0,0,0,1,0,,,,
387,50,0,56,0,0,0,0,0,1,0,0,0,0,1,0,,,,
387,51,0,56,0,0,0,0,0,1,0,0,0,0,1,0,,,,
387,52,0,56,0,0,0,0,0,1,0,0,0,0,1,0,,,,
387,53,0,56,0,0,0,0,0,1,0,0,0,0,1,0,,,,
387,54,0,56,0,0,0,0,0,1,0,0,0,0,1,0,,,,
387,55,0,56,0,0,0,0,0,1,0,0,0,0,1,0,,,,
387,56,0,56,0,0,0,0,0,1,0,0,0,0,1,0,,,,
387,57,0,56,0,0,0,0,0,1,0,0,0,0,1,0,,,,
387,58,0,56,0,0,0,0,0,1,0,0,0,0,1,0,,,,
387,59,0,56,0,0,0,0,0,1,0,0,0,0,1,0,,,,
387,60,0,56,0,0,0,0,0,1,0,0,0,0,1,0,,,,
387,61,0,56,0,0,0,0,0,1,0,0,0,0,1,0,,,,
387,62,0,56,0,0,0,0,0,1,0,0,0,0,1,0,,,,
387,63,0,56,0,0,0,0,0,1,0,0,0,0,1,0,,,,
387,64,0,56,0,0,0,0,0,1,0,0,0,0,1,0,,,,
387,65,0,56,0,0,0,0,0,1,0,0,0,0,1,0,,,,
387,66,0,56,0,0,0,0,0,1,0,0,0,0,1,0,,,,
387,67,0,56,0,0,0,0,0,1,0,0,0,0,1,0,,,,
388,43,0,56,0,0,0,0,0,1,0,0,0,0,1,0,,,,
388,44,0,56,0,0,0,0,0,1,0,0,0,0,1,0,,,,
388,45,0,56,0,0,0,0,0,1,0,0,0,0,1,0,,,,
388,46,0,56,0,0,0,0,0,1,0,0,0,0,1,0,,,,
388,47,0,56,0,0,0,0,0,1,0,0,0,0,1,0,,,,
388,48,0,56,0,0,0,0,0,1,0,0,0,0,1,0,,,,
388,49,0,56,0,0,0,0,0,1,0,0,0,0,1,0,,,,
388,50,0,56,0,0,0,0,0,1,0,0,0,0,1,0,,,,
388,51,0,56,0,0,0,0,0,1,0,0,0,0,1,0,,,,
388,52,0,56,0,0,0,0,0,1,0,0,0,0,1,0,,,,
388,53,0,56,0,0,0,0,0,1,0,0,0,0,1,0,,,,
388,54,0,56,0,0,0,0,0,1,0,0,0,0,1,0,,,,
388,55,0,56,0,0,0,0,0,1,0,0,0,0,1,0,,,,
388,56,0,56,0,0,0,0,0,1,0,0,0,0,1,0,,,,
388,57,0,56,0,0,0,0,0,1,0,0,0,0,1,0,,,,
388,58,0,56,0,0,0,0,0,1,0,0,0,0,1,0,,,,
388,59,0,56,0,0,0,0,0,1,0,0,0,0,1,0,,,,
388,60,0,56,0,0,0,0,0,1,0,0,0,0,1,0,,,,
388,61,0,56,0,0,0,0,0,1,0,0,0,0,1,0,,,,
388,62,0,56,0,0,0,0,0,1,0,0,0,0,1,0,,,,
388,63,0,56,0,0,0,0,0,1,0,0,0,0,1,0,,,,
388,64,0,56,0,0,0,0,0,1,0,0,0,0,1,0,,,,
388,65,0,56,0,0,0,0,0,1,0,0,0,0,1,0,,,,
388,66,0,56,0,0,0,0,0,1,0,0,0,0,1,0,,,,
388,67,0,56,0,0,0,0,0,1,0,0,0,0,1,0,,,,
389,43,0,56,0,0,0,0,0,1,0,0,0,0,1,0,,,,
389,44,0,56,0,0,0,0,0,1,0,0,0,0,1,0,,,,
389,45,0,56,0,0,0,0,0,1,0,0,0,0,1,0,,,,
389,46,0,56,0,0,0,0,0,1,0,0,0,0,1,0,,,,
389,47,0,56,0,0,0,0,0,1,0,0,0,0,1,0,,,,
389,48,0,56,0,0,0,0,0,1,0,0,0,0,1,0,,,,
389,49,0,56,0,0,0,0,0,1,0,0,0,0,1,0,,,,
389,50,0,56,0,0,0,0,0,1,0,0,0,0,1,0,,,,
389,51,0,56,0,0,0,0,0,1,0,0,0,0,1,0,,,,
389,52,0,56,0,0,0,0,0,1,0,0,0,0,1,0,,,,
389,53,0,56,0,0,0,0,0,1,0,0,0,0,1,0,,,,
389,54,0,56,0,0,0,0,0,1,0,0,0,0,1,0,,,,
389,55,0,56,0,0,0,0,0,1,0,0,0,0,1,0,,,,
389,56,0,56,0,0,0,0,0,1,0,0,0,0,1,0,,,,
389,57,0,56,0,0,0,0,0,1,0,0,0,0,1,0,,,,
389,58,0,56,0,0,0,0,0,1,0,0,0,0,1,0,,,,
389,59,0,56,0,0,0,0,0,1,0,0,0,0,1,0,,,,
389,60,0,56,0,0,0,0,0,1,0,0,0,0,1,0,,,,
389,61,0,56,0,0,0,0,0,1,0,0,0,0,1,0,,,,
389,62,0,56,0,0,0,0,0,1,0,0,0,0,1,0,,,,
389,63,0,56,0,0,0,0,0,1,0,0,0,0,1,0,,,,
389,64,0,56,0,0,0,0,0,1,0,0,0,0,1,0,,,,
389,65,0,56,0,0,0,0,0,1,0,0,0,0,1,0,,,,
389,66,0,56,0,0,0,0,0,1,0,0,0,0,1,0,,,,
389,67,0,56,0,0,0,0,0,1,0,0,0,0,1,0,,,,
390,43,0,56,0,0,0,0,0,1,0,0,0,0,1,0,,,,
390,44,0,56,0,0,0,0,0,1,0,0,0,0,1,0,,,,
390,45,0,56,0,0,0,0,0,1,0,0,0,0,1,0,,,,
390,46,0,56,0,0,0,0,0,1,0,0,0,0,1,0,,,,
390,47,0,56,0,0,0,0,0,1,0,0,0,0,1,0,,,,
390,48,0,56,0,0,0,0,0,1,0,0,0,0,1,0,,,,
390,49,0,56,0,0,0,0,0,1,0,0,0,0,1,0,,,,
390,50,0,56,0,0,0,0,0,1,0,0,0,0,1,0,,,,
390,51,0,56,0,0,0,0,0,1,0,0,0,0,1,0,,,,
390,52,0,56,0,0,0,0,0,1,0,0,0,0,1,0,,,,
390,53,0,56,0,0,0,0,0,1,0,0,0,0,1,0,,,,
390,54,0,56,0,0,0,0,0,1,0,0,0,0,1,0,,,,
390,55,0,56,0,0,0,0,0,1,0,0,0,0,1,0,,,,
390,56,0,56,0,0,0,0,0,1,0,0,0,0,1,0,,,,
390,57,0,56,0,0,0,0,0,1,0,0,0,0,1,0,,,,
390,58,0,56,0,0,0,0,0,1,0,0,0,0,1,0,,,,
390,59,0,56,0,0,0,0,0,1,0,0,0,0,1,0,,,,
390,60,0,56,0,0,0,0,0,1,0,0,0,0,1,0,,,,
390,61,0,56,0,0,0,0,0,1,0,0,0,0,1,0,,,,
390,62,0,56,0,0,0,0,0,1,0,0,0,0,1,0,,,,
390,63,0,56,0,0,0,0,0,1,0,0,0,0,1,0,,,,
390,64,0,56,0,0,0,0,0,1,0,0,0,0,1,0,,,,
390,65,0,56,0,0,0,0,0,1,0,0,0,0,1,0,,,,
390,66,0,56,0,0,0,0,0,1,0,0,0,0,1,0,,,,
390,67,0,56,0,0,0,0,0,1,0,0,0,0,1,0,,,,
391,43,0,56,0,0,0,0,0,1,0,0,0,0,1,0,,,,
391,44,0,56,0,0,0,0,0,1,0,0,0,0,1,0,,,,
391,45,0,56,0,0,0,0,0,1,0,0,0,0,1,0,,,,
391,46,0,56,0,0,0,0,0,1,0,0,0,0,1,0,,,,
391,47,0,56,0,0,0,0,0,1,0,0,0,0,1,0,,,,
391,48,0,56,0,0,0,0,0,1,0,0,0,0,1,0,,,,
391,49,0,56,0,0,0,0,0,1,0,0,0,0,1,0,,,,
391,50,0,56,0,0,0,0,0,1,0,0,0,0,1,0,,,,
391,51,0,56,0,0,0,0,0,1,0,0,0,0,1,0,,,,
391,52,0,56,0,0,0,0,0,1,0,0,0,0,1,0,,,,
391,53,0,56,0,0,0,0,0,1,0,0,0,0,1,0,,,,
391,54,0,56,0,0,0,0,0,1,0,0,0,0,1,0,,,,
391,55,0,56,0,0,0,0,0,1,0,0,0,0,1,0,,,,
391,56,0,56,0,0,0,0,0,1,0,0,0,0,1,0,,,,
391,57,0,56,0,0,0,0,0,1,0,0,0,0,1,0,,,,
391,58,0,56,0,0,0,0,0,1,0,0,0,0,1,0,,,,
391,59,0,56,0,0,0,0,0,1,0,0,0,0,1,0,,,,
391,60,0,56,0,0,0,0,0,1,0,0,0,0,1,0,,,,
391,61,0,56,0,0,0,0,0,1,0,0,0,0,1,0,,,,
391,62,0,56,0,0,0,0,0,1,0,0,0,0,1,0,,,,
391,63,0,56,0,0,0,0,0,1,0,0,0,0,1,0,,,,
391,64,0,56,0,0,0,0,0,1,0,0,0,0,1,0,,,,
391,65,0,56,0,0,0,0,0,1,0,0,0,0,1,0,,,,
391,66,0,56,0,0,0,0,0,1,0,0,0,0,1,0,,,,
391,67,0,56,0,0,0,0,0,1,0,0,0,0,1,0,,,,
392,43,0,56,0,0,0,0,0,1,0,0,0,0,1,0,,,,
392,44,0,56,0,0,0,0,0,1,0,0,0,0,1,0,,,,
392,45,0,56,0,0,0,0,0,1,0,0,0,0,1,0,,,,
392,46,0,56,0,0,0,0,0,1,0,0,0,0,1,0,,,,
392,47,0,56,0,0,0,0,0,1,0,0,0,0,1,0,,,,
392,48,0,56,0,0,0,0,0,1,0,0,0,0,1,0,,,,
392,49,0,56,0,0,0,0,0,1,0,0,0,0,1,0,,,,
392,50,0,56,0,0,0,0,0,1,0,0,0,0,1,0,,,,
392,51,0,56,0,0,0,0,0,1,0,0,0,0,1,0,,,,
392,52,0,56,0,0,0,0,0,1,0,0,0,0,1,0,,,,
392,53,0,56,0,0,0,0,0,1,0,0,0,0,1,0,,,,
392,54,0,56,0,0,0,0,0,1,0,0,0,0,1,0,,,,
392,55,0,56,0,0,0,0,0,1,0,0,0,0,1,0,,,,
392,56,0,56,0,0,0,0,0,1,0,0,0,0,1,0,,,,
392,57,0,56,0,0,0,0,0,1,0,0,0,0,1,0,,,,
392,58,0,56,0,0,0,0,0,1,0,0,0,0,1,0,,,,
392,59,0,56,0,0,0,0,0,1,0,0,0,0,1,0,,,,
392,60,0,56,0,0,0,0,0,1,0,0,0,0,1,0,,,,
392,61,0,56,0,0,0,0,0,1,0,0,0,0,1,0,,,,
392,62,0,56,0,0,0,0,0,1,0,0,0,0,1,0,,,,
392,63,0,56,0,0,0,0,0,1,0,0,0,0,1,0,,,,
392,64,0,56,0,0,0,0,0,1,0,0,0,0,1,0,,,,
392,65,0,56,0,0,0,0,0,1,0,0,0,0,1,0,,,,
392,66,0,56,0,0,0,0,0,1,0,0,0,0,1,0,,,,
392,67,0,56,0,0,0,0,0,1,0,0,0,0,1,0,,,,
393,43,0,56,0,0,0,0,0,1,0,0,0,0,1,0,,,,
393,44,0,56,0,0,0,0,0,1,0,0,0,0,1,0,,,,
393,45,0,56,0,0,0,0,0,1,0,0,0,0,1,0,,,,
393,46,0,56,0,0,0,0,0,1,0,0,0,0,1,0,,,,
393,47,0,56,0,0,0,0,0,1,0,0,0,0,1,0,,,,
393,48,0,56,0,0,0,0,0,1,0,0,0,0,1,0,,,,
393,49,0,56,0,0,0,0,0,1,0,0,0,0,1,0,,,,
393,50,0,56,0,0,0,0,0,1,0,0,0,0,1,0,,,,
393,51,0,56,0,0,0,0,0,1,0,0,0,0,1,0,,,,
393,52,0,56,0,0,0,0,0,1,0,0,0,0,1,0,,,,
393,53,0,56,0,0,0,0,0,1,0,0,0,0,1,0,,,,
393,54,0,56,0,0,0,0,0,1,0,0,0,0,1,0,,,,
393,55,0,56,0,0,0,0,0,1,0,0,0,0,1,0,,,,
393,56,0,56,0,0,0,0,0,1,0,0,0,0,1,0,,,,
393,57,0,56,0,0,0,0,0,1,0,0,0,0,1,0,,,,
393,58,0,56,0,0,0,0,0,1,0,0,0,0,1,0,,,,
393,59,0,56,0,0,0,0,0,1,0,0,0,0,1,0,,,,
393,60,0,56,0,0,0,0,0,1,0,0,0,0,1,0,,,,
393,61,0,56,0,0,0,0,0,1,0,0,0,0,1,0,,,,
393,62,0,56,0,0,0,0,0,1,0,0,0,0,1,0,,,,
393,63,0,56,0,0,0,0,0,1,0,0,0,0,1,0,,,,
393,64,0,56,0,0,0,0,0,1,0,0,0,0,1,0,,,,
393,65,0,56,0,0,0,0,0,1,0,0,0,0,1,0,,,,
393,66,0,56,0,0,0,0,0,1,0,0,0,0,1,0,,,,
393,67,0,56,0,0,0,0,0,1,0,0,0,0,1,0,,,,
394,43,0,56,0,0,0,0,0,1,0,0,0,0,1,0,,,,
394,44,0,56,0,0,0,0,0,1,0,0,0,0,1,0,,,,
394,45,0,56,0,0,0,0,0,1,0,0,0,0,1,0,,,,
394,46,0,56,0,0,0,0,0,1,0,0,0,0,1,0,,,,
394,47,0,56,0,0,0,0,0,1,0,0,0,0,1,0,,,,
394,48,0,56,0,0,0,0,0,1,0,0,0,0,1,0,,,,
394,49,0,56,0,0,0,0,0,1,0,0,0,0,1,0,,,,
394,50,0,56,0,0,0,0,0,1,0,0,0,0,1,0,,,,
394,51,0,56,0,0,0,0,0,1,0,0,0,0,1,0,,,,
394,52,0,56,0,0,0,0,0,1,0,0,0,0,1,0,,,,
394,53,0,56,0,0,0,0,0,1,0,0,0,0,1,0,,,,
394,54,0,56,0,0,0,0,0,1,0,0,0,0,1,0,,,,
394,55,0,56,0,0,0,0,0,1,0,0,0,0,1,0,,,,
394,56,0,56,0,0,0,0,0,1,0,0,0,0,1,0,,,,
394,57,0,56,0,0,0,0,0,1,0,0,0,0,1,0,,,,
394,58,0,56,0,0,0,0,0,1,0,0,0,0,1,0,,,,
394,59,0,56,0,0,0,0,0,1,0,0,0,0,1,0,,,,
394,60,0,56,0,0,0,0,0,1,0,0,0,0,1,0,,,,
394,61,0,56,0,0,0,0,0,1,0,0,0,0,1,0,,,,
394,62,0,56,0,0,0,0,0,1,0,0,0,0,1,0,,,,
394,63,0,56,0,0,0,0,0,1,0,0,0,0,1,0,,,,
394,64,0,56,0,0,0,0,0,1,0,0,0,0,1,0,,,,
394,65,0,56,0,0,0,0,0,1,0,0,0,0,1,0,,,,
394,66,0,56,0,0,0,0,0,1,0,0,0,0,1,0,,,,
394,67,0,56,0,0,0,0,0,1,0,0,0,0,1,0,,,,
395,43,0,56,0,0,0,0,0,1,0,0,0,0,1,0,,,,
395,44,0,56,0,0,0,0,0,1,0,0,0,0,1,0,,,,
395,45,0,56,0,0,0,0,0,1,0,0,0,0,1,0,,,,
395,46,0,56,0,0,0,0,0,1,0,0,0,0,1,0,,,,
395,47,0,56,0,0,0,0,0,1,0,0,0,0,1,0,,,,
395,48,0,56,0,0,0,0,0,1,0,0,0,0,1,0,,,,
395,49,0,56,0,0,0,0,0,1,0,0,0,0,1,0,,,,
395,50,0,56,0,0,0,0,0,1,0,0,0,0,1,0,,,,
395,51,0,56,0,0,0,0,0,1,0,0,0,0,1,0,,,,
395,52,0,56,0,0,0,0,0,1,0,0,0,0,1,0,,,,
395,53,0,56,0,0,0,0,0,1,0,0,0,0,1,0,,,,
395,54,0,56,0,0,0,0,0,1,0,0,0,0,1,0,,,,
395,55,0,56,0,0,0,0,0,1,0,0,0,0,1,0,,,,
395,56,0,56,0,0,0,0,0,1,0,0,0,0,1,0,,,,
395,57,0,56,0,0,0,0,0,1,0,0,0,0,1,0,,,,
395,58,0,56,0,0,0,0,0,1,0,0,0,0,1,0,,,,
395,59,0,56,0,0,0,0,0,1,0,0,0,0,1,0,,,,
395,60,0,56,0,0,0,0,0,1,0,0,0,0,1,0,,,,
395,61,0,56,0,0,0,0,0,1,0,0,0,0,1,0,,,,
395,62,0,56,0,0,0,0,0,1,0,0,0,0,1,0,,,,
395,63,0,56,0,0,0,0,0,1,0,0,0,0,1,0,,,,
395,64,0,56,0,0,0,0,0,1,0,0,0,0,1,0,,,,
395,65,0,56,0,0,0,0,0,1,0,0,0,0,1,0,,,,
395,66,0,56,0,0,0,0,0,1,0,0,0,0,1,0,,,,
395,67,0,56,0,0,0,0,0,1,0,0,0,0,1,0,,,,
396,43,0,56,0,0,0,0,0,1,0,0,0,0,1,0,,,,
396,44,0,56,0,0,0,0,0,1,0,0,0,0,1,0,,,,
396,45,0,56,0,0,0,0,0,1,0,0,0,0,1,0,,,,
396,46,0,56,0,0,0,0,0,1,0,0,0,0,1,0,,,,
396,47,0,56,0,0,0,0,0,1,0,0,0,0,1,0,,,,
396,48,0,56,0,0,0,0,0,1,0,0,0,0,1,0,,,,
396,49,0,56,0,0,0,0,0,1,0,0,0,0,1,0,,,,
396,50,0,56,0,0,0,0,0,1,0,0,0,0,1,0,,,,
396,51,0,56,0,0,0,0,0,1,0,0,0,0,1,0,,,,
396,52,0,56,0,0,0,0,0,1,0,0,0,0,1,0,,,,
396,53,0,56,0,0,0,0,0,1,0,0,0,0,1,0,,,,
396,54,0,56,0,0,0,0,0,1,0,0,0,0,1,0,,,,
396,55,0,56,0,0,0,0,0,1,0,0,0,0,1,0,,,,
396,56,0,56,0,0,0,0,0,1,0,0,0,0,1,0,,,,
396,57,0,56,0,0,0,0,0,1,0,0,0,0,1,0,,,,
396,58,0,56,0,0,0,0,0,1,0,0,0,0,1,0,,,,
396,59,0,56,0,0,0,0,0,1,0,0,0,0,1,0,,,,
396,60,0,56,0,0,0,0,0,1,0,0,0,0,1,0,,,,
396,61,0,56,0,0,0,0,0,1,0,0,0,0,1,0,,,,
396,62,0,56,0,0,0,0,0,1,0,0,0,0,1,0,,,,
396,63,0,56,0,0,0,0,0,1,0,0,0,0,1,0,,,,
396,64,0,56,0,0,0,0,0,1,0,0,0,0,1,0,,,,
396,65,0,56,0,0,0,0,0,1,0,0,0,0,1,0,,,,
396,66,0,56,0,0,0,0,0,1,0,0,0,0,1,0,,,,
396,67,0,56,0,0,0,0,0,1,0,0,0,0,1,0,,,,
397,43,0,56,0,0,0,0,0,1,0,0,0,0,1,0,,,,
397,44,0,56,0,0,0,0,0,1,0,0,0,0,1,0,,,,
397,45,0,56,0,0,0,0,0,1,0,0,0,0,1,0,,,,
397,46,0,56,0,0,0,0,0,1,0,0,0,0,1,0,,,,
397,47,0,56,0,0,0,0,0,1,0,0,0,0,1,0,,,,
397,48,0,56,0,0,0,0,0,1,0,0,0,0,1,0,,,,
397,49,0,56,0,0,0,0,0,1,0,0,0,0,1,0,,,,
397,50,0,56,0,0,0,0,0,1,0,0,0,0,1,0,,,,
397,51,0,56,0,0,0,0,0,1,0,0,0,0,1,0,,,,
397,52,0,56,0,0,0,0,0,1,0,0,0,0,1,0,,,,
397,53,0,56,0,0,0,0,0,1,0,0,0,0,1,0,,,,
397,54,0,56,0,0,0,0,0,1,0,0,0,0,1,0,,,,
397,55,0,56,0,0,0,0,0,1,0,0,0,0,1,0,,,,
397,56,0,56,0,0,0,0,0,1,0,0,0,0,1,0,,,,
397,57,0,56,0,0,0,0,0,1,0,0,0,0,1,0,,,,
397,58,0,56,0,0,0,0,0,1,0,0,0,0,1,0,,,,
397,59,0,56,0,0,0,0,0,1,0,0,0,0,1,0,,,,
397,60,0,56,0,0,0,0,0,1,0,0,0,0,1,0,,,,
397,61,0,56,0,0,0,0,0,1,0,0,0,0,1,0,,,,
397,62,0,56,0,0,0,0,0,1,0,0,0,0,1,0,,,,
397,63,0,56,0,0,0,0,0,1,0,0,0,0,1,0,,,,
397,64,0,56,0,0,0,0,0,1,0,0,0,0,1,0,,,,
397,65,0,56,0,0,0,0,0,1,0,0,0,0,1,0,,,,
397,66,0,56,0,0,0,0,0,1,0,0,0,0,1,0,,,,
397,67,0,56,0,0,0,0,0,1,0,0,0,0,1,0,,,,
398,43,0,56,0,0,0,0,0,1,0,0,0,0,1,0,,,,
398,44,0,56,0,0,0,0,0,1,0,0,0,0,1,0,,,,
398,45,0,56,0,0,0,0,0,1,0,0,0,0,1,0,,,,
398,46,0,56,0,0,0,0,0,1,0,0,0,0,1,0,,,,
398,47,0,56,0,0,0,0,0,1,0,0,0,0,1,0,,,,
398,48,0,56,0,0,0,0,0,1,0,0,0,0,1,0,,,,
398,49,0,56,0,0,0,0,0,1,0,0,0,0,1,0,,,,
398,50,0,56,0,0,0,0,0,1,0,0,0,0,1,0,,,,
398,51,0,56,0,0,0,0,0,1,0,0,0,0,1,0,,,,
398,52,0,56,0,0,0,0,0,1,0,0,0,0,1,0,,,,
398,53,0,56,0,0,0,0,0,1,0,0,0,0,1,0,,,,
398,54,0,56,0,0,0,0,0,1,0,0,0,0,1,0,,,,
398,55,0,56,0,0,0,0,0,1,0,0,0,0,1,0,,,,
398,56,0,56,0,0,0,0,0,1,0,0,0,0,1,0,,,,
398,57,0,56,0,0,0,0,0,1,0,0,0,0,1,0,,,,
398,58,0,56,0,0,0,0,0,1,0,0,0,0,1,0,,,,
398,59,0,56,0,0,0,0,0,1,0,0,0,0,1,0,,,,
398,60,0,56,0,0,0,0,0,1,0,0,0,0,1,0,,,,
398,61,0,56,0,0,0,0,0,1,0,0,0,0,1,0,,,,
398,62,0,56,0,0,0,0,0,1,0,0,0,0,1,0,,,,
398,63,0,56,0,0,0,0,0,1,0,0,0,0,1,0,,,,
398,64,0,56,0,0,0,0,0,1,0,0,0,0,1,0,,,,
398,65,0,56,0,0,0,0,0,1,0,0,0,0,1,0,,,,
398,66,0,56,0,0,0,0,0,1,0,0,0,0,1,0,,,,
398,67,0,56,0,0,0,0,0,1,0,0,0,0,1,0,,,,
399,43,0,56,0,0,0,0,0,1,0,0,0,0,1,0,,,,
399,44,0,56,0,0,0,0,0,1,0,0,0,0,1,0,,,,
399,45,0,56,0,0,0,0,0,1,0,0,0,0,1,0,,,,
399,46,0,56,0,0,0,0,0,1,0,0,0,0,1,0,,,,
399,47,0,56,0,0,0,0,0,1,0,0,0,0,1,0,,,,
399,48,0,56,0,0,0,0,0,1,0,0,0,0,1,0,,,,
399,49,0,56,0,0,0,0,0,1,0,0,0,0,1,0,,,,
399,50,0,56,0,0,0,0,0,1,0,0,0,0,1,0,,,,
399,51,0,56,0,0,0,0,0,1,0,0,0,0,1,0,,,,
399,52,0,56,0,0,0,0,0,1,0,0,0,0,1,0,,,,
399,53,0,56,0,0,0,0,0,1,0,0,0,0,1,0,,,,
399,54,0,56,0,0,0,0,0,1,0,0,0,0,1,0,,,,
399,55,0,56,0,0,0,0,0,1,0,0,0,0,1,0,,,,
399,56,0,56,0,0,0,0,0,1,0,0,0,0,1,0,,,,
399,57,0,56,0,0,0,0,0,1,0,0,0,0,1,0,,,,
399,58,0,56,0,0,0,0,0,1,0,0,0,0,1,0,,,,
399,59,0,56,0,0,0,0,0,1,0,0,0,0,1,0,,,,
399,60,0,56,0,0,0,0,0,1,0,0,0,0,1,0,,,,
399,61,0,56,0,0,0,0,0,1,0,0,0,0,1,0,,,,
399,62,0,56,0,0,0,0,0,1,0,0,0,0,1,0,,,,
399,63,0,56,0,0,0,0,0,1,0,0,0,0,1,0,,,,
399,64,0,56,0,0,0,0,0,1,0,0,0,0,1,0,,,,
399,65,0,56,0,0,0,0,0,1,0,0,0,0,1,0,,,,
399,66,0,56,0,0,0,0,0,1,0,0,0,0,1,0,,,,
399,67,0,56,0,0,0,0,0,1,0,0,0,0,1,0,,,,
400,43,0,56,0,0,0,0,0,1,0,0,0,0,1,0,,,,
400,44,0,56,0,0,0,0,0,1,0,0,0,0,1,0,,,,
400,45,0,56,0,0,0,0,0,1,0,0,0,0,1,0,,,,
400,46,0,56,0,0,0,0,0,1,0,0,0,0,1,0,,,,
400,47,0,56,0,0,0,0,0,1,0,0,0,0,1,0,,,,
400,48,0,56,0,0,0,0,0,1,0,0,0,0,1,0,,,,
400,49,0,56,0,0,0,0,0,1,0,0,0,0,1,0,,,,
400,50,0,56,0,0,0,0,0,1,0,0,0,0,1,0,,,,
400,51,0,56,0,0,0,0,0,1,0,0,0,0,1,0,,,,
400,52,0,56,0,0,0,0,0,1,0,0,0,0,1,0,,,,
400,53,0,56,0,0,0,0,0,1,0,0,0,0,1,0,,,,
400,54,0,56,0,0,0,0,0,1,0,0,0,0,1,0,,,,
400,55,0,56,0,0,0,0,0,1,0,0,0,0,1,0,,,,
400,56,0,56,0,0,0,0,0,1,0,0,0,0,1,0,,,,
400,57,0,56,0,0,0,0,0,1,0,0,0,0,1,0,,,,
400,58,0,56,0,0,0,0,0,1,0,0,0,0,1,0,,,,
400,59,0,56,0,0,0,0,0,1,0,0,0,0,1,0,,,,
400,60,0,56,0,0,0,0,0,1,0,0,0,0,1,0,,,,
400,61,0,56,0,0,0,0,0,1,0,0,0,0,1,0,,,,
400,62,0,56,0,0,0,0,0,1,0,0,0,0,1,0,,,,
400,63,0,56,0,0,0,0,0,1,0,0,0,0,1,0,,,,
400,64,0,56,0,0,0,0,0,1,0,0,0,0,1,0,,,,
400,65,0,56,0,0,0,0,0,1,0,0,0,0,1,0,,,,
400,66,0,56,0,0,0,0,0,1,0,0,0,0,1,0,,,,
400,67,0,56,0,0,0,0,0,1,0,0,0,0,1,0,,,,
401,43,0,56,0,0,0,0,0,1,0,0,0,0,1,0,,,,
401,44,0,56,0,0,0,0,0,1,0,0,0,0,1,0,,,,
401,45,0,56,0,0,0,0,0,1,0,0,0,0,1,0,,,,
401,46,0,56,0,0,0,0,0,1,0,0,0,0,1,0,,,,
401,47,0,56,0,0,0,0,0,1,0,0,0,0,1,0,,,,
401,48,0,56,0,0,0,0,0,1,0,0,0,0,1,0,,,,
401,49,0,56,0,0,0,0,0,1,0,0,0,0,1,0,,,,
401,50,0,56,0,0,0,0,0,1,0,0,0,0,1,0,,,,
401,51,0,56,0,0,0,0,0,1,0,0,0,0,1,0,,,,
401,52,0,56,0,0,0,0,0,1,0,0,0,0,1,0,,,,
401,53,0,56,0,0,0,0,0,1,0,0,0,0,1,0,,,,
401,54,0,56,0,0,0,0,0,1,0,0,0,0,1,0,,,,
401,55,0,56,0,0,0,0,0,1,0,0,0,0,1,0,,,,
401,56,0,56,0,0,0,0,0,1,0,0,0,0,1,0,,,,
401,57,0,56,0,0,0,0,0,1,0,0,0,0,1,0,,,,
401,58,0,56,0,0,0,0,0,1,0,0,0,0,1,0,,,,
401,59,0,56,0,0,0,0,0,1,0,0,0,0,1,0,,,,
401,60,0,56,0,0,0,0,0,1,0,0,0,0,1,0,,,,
401,61,0,56,0,0,0,0,0,1,0,0,0,0,1,0,,,,
401,62,0,56,0,0,0,0,0,1,0,0,0,0,1,0,,,,
401,63,0,56,0,0,0,0,0,1,0,0,0,0,1,0,,,,
401,64,0,56,0,0,0,0,0,1,0,0,0,0,1,0,,,,
401,65,0,56,0,0,0,0,0,1,0,0,0,0,1,0,,,,
401,66,0,56,0,0,0,0,0,1,0,0,0,0,1,0,,,,
401,67,0,56,0,0,0,0,0,1,0,0,0,0,1,0,,,,
402,43,0,56,0,0,0,0,0,1,0,0,0,0,1,0,,,,
402,44,0,56,0,0,0,0,0,1,0,0,0,0,1,0,,,,
402,45,0,56,0,0,0,0,0,1,0,0,0,0,1,0,,,,
402,46,0,56,0,0,0,0,0,1,0,0,0,0,1,0,,,,
402,47,0,56,0,0,0,0,0,1,0,0,0,0,1,0,,,,
402,48,0,56,0,0,0,0,0,1,0,0,0,0,1,0,,,,
402,49,0,56,0,0,0,0,0,1,0,0,0,0,1,0,,,,
402,50,0,56,0,0,0,0,0,1,0,0,0,0,1,0,,,,
402,51,0,56,0,0,0,0,0,1,0,0,0,0,1,0,,,,
402,52,0,56,0,0,0,0,0,1,0,0,0,0,1,0,,,,
402,53,0,56,0,0,0,0,0,1,0,0,0,0,1,0,,,,
402,54,0,56,0,0,0,0,0,1,0,0,0,0,1,0,,,,
402,55,0,56,0,0,0,0,0,1,0,0,0,0,1,0,,,,
402,56,0,56,0,0,0,0,0,1,0,0,0,0,1,0,,,,
402,57,0,56,0,0,0,0,0,1,0,0,0,0,1,0,,,,
402,58,0,56,0,0,0,0,0,1,0,0,0,0,1,0,,,,
402,59,0,56,0,0,0,0,0,1,0,0,0,0,1,0,,,,
402,60,0,56,0,0,0,0,0,1,0,0,0,0,1,0,,,,
402,61,0,56,0,0,0,0,0,1,0,0,0,0,1,0,,,,
402,62,0,56,0,0,0,0,0,1,0,0,0,0,1,0,,,,
402,63,0,56,0,0,0,0,0,1,0,0,0,0,1,0,,,,
402,64,0,56,0,0,0,0,0,1,0,0,0,0,1,0,,,,
402,65,0,56,0,0,0,0,0,1,0,0,0,0,1,0,,,,
402,66,0,56,0,0,0,0,0,1,0,0,0,0,1,0,,,,
402,67,0,56,0,0,0,0,0,1,0,0,0,0,1,0,,,,
403,43,0,56,0,0,0,0,0,1,0,0,0,0,1,0,,,,
403,44,0,56,0,0,0,0,0,1,0,0,0,0,1,0,,,,
403,45,0,56,0,0,0,0,0,1,0,0,0,0,1,0,,,,
403,46,0,56,0,0,0,0,0,1,0,0,0,0,1,0,,,,
403,47,0,56,0,0,0,0,0,1,0,0,0,0,1,0,,,,
403,48,0,56,0,0,0,0,0,1,0,0,0,0,1,0,,,,
403,49,0,56,0,0,0,0,0,1,0,0,0,0,1,0,,,,
403,50,0,56,0,0,0,0,0,1,0,0,0,0,1,0,,,,
403,51,0,56,0,0,0,0,0,1,0,0,0,0,1,0,,,,
403,52,0,56,0,0,0,0,0,1,0,0,0,0,1,0,,,,
403,53,0,56,0,0,0,0,0,1,0,0,0,0,1,0,,,,
403,54,0,56,0,0,0,0,0,1,0,0,0,0,1,0,,,,
403,55,0,56,0,0,0,0,0,1,0,0,0,0,1,0,,,,
403,56,0,56,0,0,0,0,0,1,0,0,0,0,1,0,,,,
403,57,0,56,0,0,0,0,0,1,0,0,0,0,1,0,,,,
403,58,0,56,0,0,0,0,0,1,0,0,0,0,1,0,,,,
403,59,0,56,0,0,0,0,0,1,0,0,0,0,1,0,,,,
403,60,0,56,0,0,0,0,0,1,0,0,0,0,1,0,,,,
403,61,0,56,0,0,0,0,0,1,0,0,0,0,1,0,,,,
403,62,0,56,0,0,0,0,0,1,0,0,0,0,1,0,,,,
403,63,0,56,0,0,0,0,0,1,0,0,0,0,1,0,,,,
403,64,0,56,0,0,0,0,0,1,0,0,0,0,1,0,,,,
403,65,0,56,0,0,0,0,0,1,0,0,0,0,1,0,,,,
403,66,0,56,0,0,0,0,0,1,0,0,0,0,1,0,,,,
403,67,0,56,0,0,0,0,0,1,0,0,0,0,1,0,,,,
404,43,0,56,0,0,0,0,0,1,0,0,0,0,1,0,,,,
404,44,0,56,0,0,0,0,0,1,0,0,0,0,1,0,,,,
404,45,0,56,0,0,0,0,0,1,0,0,0,0,1,0,,,,
404,46,0,56,0,0,0,0,0,1,0,0,0,0,1,0,,,,
404,47,0,56,0,0,0,0,0,1,0,0,0,0,1,0,,,,
404,48,0,56,0,0,0,0,0,1,0,0,0,0,1,0,,,,
404,49,0,56,0,0,0,0,0,1,0,0,0,0,1,0,,,,
404,50,0,56,0,0,0,0,0,1,0,0,0,0,1,0,,,,
404,51,0,56,0,0,0,0,0,1,0,0,0,0,1,0,,,,
404,52,0,56,0,0,0,0,0,1,0,0,0,0,1,0,,,,
404,53,0,56,0,0,0,0,0,1,0,0,0,0,1,0,,,,
404,54,0,56,0,0,0,0,0,1,0,0,0,0,1,0,,,,
404,55,0,56,0,0,0,0,0,1,0,0,0,0,1,0,,,,
404,56,0,56,0,0,0,0,0,1,0,0,0,0,1,0,,,,
404,57,0,56,0,0,0,0,0,1,0,0,0,0,1,0,,,,
404,58,0,56,0,0,0,0,0,1,0,0,0,0,1,0,,,,
404,59,0,56,0,0,0,0,0,1,0,0,0,0,1,0,,,,
404,60,0,56,0,0,0,0,0,1,0,0,0,0,1,0,,,,
404,61,0,56,0,0,0,0,0,1,0,0,0,0,1,0,,,,
404,62,0,56,0,0,0,0,0,1,0,0,0,0,1,0,,,,
404,63,0,56,0,0,0,0,0,1,0,0,0,0,1,0,,,,
404,64,0,56,0,0,0,0,0,1,0,0,0,0,1,0,,,,
404,65,0,56,0,0,0,0,0,1,0,0,0,0,1,0,,,,
404,66,0,56,0,0,0,0,0,1,0,0,0,0,1,0,,,,
404,67,0,56,0,0,0,0,0,1,0,0,0,0,1,0,,,,
405,43,0,56,0,0,0,0,0,1,0,0,0,0,1,0,,,,
405,44,0,56,0,0,0,0,0,1,0,0,0,0,1,0,,,,
405,45,0,56,0,0,0,0,0,1,0,0,0,0,1,0,,,,
405,46,0,56,0,0,0,0,0,1,0,0,0,0,1,0,,,,
405,47,0,56,0,0,0,0,0,1,0,0,0,0,1,0,,,,
405,48,0,56,0,0,0,0,0,1,0,0,0,0,1,0,,,,
405,49,0,56,0,0,0,0,0,1,0,0,0,0,1,0,,,,
405,50,0,56,0,0,0,0,0,1,0,0,0,0,1,0,,,,
405,51,0,56,0,0,0,0,0,1,0,0,0,0,1,0,,,,
405,52,0,56,0,0,0,0,0,1,0,0,0,0,1,0,,,,
405,53,0,56,0,0,0,0,0,1,0,0,0,0,1,0,,,,
405,54,0,56,0,0,0,0,0,1,0,0,0,0,1,0,,,,
405,55,0,56,0,0,0,0,0,1,0,0,0,0,1,0,,,,
405,56,0,56,0,0,0,0,0,1,0,0,0,0,1,0,,,,
405,57,0,56,0,0,0,0,0,1,0,0,0,0,1,0,,,,
405,58,0,56,0,0,0,0,0,1,0,0,0,0,1,0,,,,
405,59,0,56,0,0,0,0,0,1,0,0,0,0,1,0,,,,
405,60,0,56,0,0,0,0,0,1,0,0,0,0,1,0,,,,
405,61,0,56,0,0,0,0,0,1,0,0,0,0,1,0,,,,
405,62,0,56,0,0,0,0,0,1,0,0,0,0,1,0,,,,
405,63,0,56,0,0,0,0,0,1,0,0,0,0,1,0,,,,
405,64,0,56,0,0,0,0,0,1,0,0,0,0,1,0,,,,
405,65,0,56,0,0,0,0,0,1,0,0,0,0,1,0,,,,
405,66,0,56,0,0,0,0,0,1,0,0,0,0,1,0,,,,
405,67,0,56,0,0,0,0,0,1,0,0,0,0,1,0,,,,
406,43,0,56,0,0,0,0,0,1,0,0,0,0,1,0,,,,
406,44,0,56,0,0,0,0,0,1,0,0,0,0,1,0,,,,
406,45,0,56,0,0,0,0,0,1,0,0,0,0,1,0,,,,
406,46,0,56,0,0,0,0,0,1,0,0,0,0,1,0,,,,
406,47,0,56,0,0,0,0,0,1,0,0,0,0,1,0,,,,
406,48,0,56,0,0,0,0,0,1,0,0,0,0,1,0,,,,
406,49,0,56,0,0,0,0,0,1,0,0,0,0,1,0,,,,
406,50,0,56,0,0,0,0,0,1,0,0,0,0,1,0,,,,
406,51,0,56,0,0,0,0,0,1,0,0,0,0,1,0,,,,
406,52,0,56,0,0,0,0,0,1,0,0,0,0,1,0,,,,
406,53,0,56,0,0,0,0,0,1,0,0,0,0,1,0,,,,
406,54,0,56,0,0,0,0,0,1,0,0,0,0,1,0,,,,
406,55,0,56,0,0,0,0,0,1,0,0,0,0,1,0,,,,
406,56,0,56,0,0,0,0,0,1,0,0,0,0,1,0,,,,
406,57,0,56,0,0,0,0,0,1,0,0,0,0,1,0,,,,
406,58,0,56,0,0,0,0,0,1,0,0,0,0,1,0,,,,
406,59,0,56,0,0,0,0,0,1,0,0,0,0,1,0,,,,
406,60,0,56,0,0,0,0,0,1,0,0,0,0,1,0,,,,
406,61,0,56,0,0,0,0,0,1,0,0,0,0,1,0,,,,
406,62,0,56,0,0,0,0,0,1,0,0,0,0,1,0,,,,
406,63,0,56,0,0,0,0,0,1,0,0,0,0,1,0,,,,
406,64,0,56,0,0,0,0,0,1,0,0,0,0,1,0,,,,
406,65,0,56,0,0,0,0,0,1,0,0,0,0,1,0,,,,
406,66,0,56,0,0,0,0,0,1,0,0,0,0,1,0,,,,
406,67,0,56,0,0,0,0,0,1,0,0,0,0,1,0,,,,
407,43,0,56,0,0,0,0,0,1,0,0,0,0,1,0,,,,
407,44,0,56,0,0,0,0,0,1,0,0,0,0,1,0,,,,
407,45,0,56,0,0,0,0,0,1,0,0,0,0,1,0,,,,
407,46,0,56,0,0,0,0,0,1,0,0,0,0,1,0,,,,
407,47,0,56,0,0,0,0,0,1,0,0,0,0,1,0,,,,
407,48,0,56,0,0,0,0,0,1,0,0,0,0,1,0,,,,
407,49,0,56,0,0,0,0,0,1,0,0,0,0,1,0,,,,
407,50,0,56,0,0,0,0,0,1,0,0,0,0,1,0,,,,
407,51,0,56,0,0,0,0,0,1,0,0,0,0,1,0,,,,
407,52,0,56,0,0,0,0,0,1,0,0,0,0,1,0,,,,
407,53,0,56,0,0,0,0,0,1,0,0,0,0,1,0,,,,
407,54,0,56,0,0,0,0,0,1,0,0,0,0,1,0,,,,
407,55,0,56,0,0,0,0,0,1,0,0,0,0,1,0,,,,
407,56,0,56,0,0,0,0,0,1,0,0,0,0,1,0,,,,
407,57,0,56,0,0,0,0,0,1,0,0,0,0,1,0,,,,
407,58,0,56,0,0,0,0,0,1,0,0,0,0,1,0,,,,
407,59,0,56,0,0,0,0,0,1,0,0,0,0,1,0,,,,
407,60,0,56,0,0,0,0,0,1,0,0,0,0,1,0,,,,
407,61,0,56,0,0,0,0,0,1,0,0,0,0,1,0,,,,
407,62,0,56,0,0,0,0,0,1,0,0,0,0,1,0,,,,
407,63,0,56,0,0,0,0,0,1,0,0,0,0,1,0,,,,
407,64,0,56,0,0,0,0,0,1,0,0,0,0,1,0,,,,
407,65,0,56,0,0,0,0,0,1,0,0,0,0,1,0,,,,
407,66,0,56,0,0,0,0,0,1,0,0,0,0,1,0,,,,
407,67,0,56,0,0,0,0,0,1,0,0,0,0,1,0,,,,
408,43,0,56,0,0,0,0,0,1,0,0,0,0,1,0,,,,
408,44,0,56,0,0,0,0,0,1,0,0,0,0,1,0,,,,
408,45,0,56,0,0,0,0,0,1,0,0,0,0,1,0,,,,
408,46,0,56,0,0,0,0,0,1,0,0,0,0,1,0,,,,
408,47,0,56,0,0,0,0,0,1,0,0,0,0,1,0,,,,
408,48,0,56,0,0,0,0,0,1,0,0,0,0,1,0,,,,
408,49,0,56,0,0,0,0,0,1,0,0,0,0,1,0,,,,
408,50,0,56,0,0,0,0,0,1,0,0,0,0,1,0,,,,
408,51,0,56,0,0,0,0,0,1,0,0,0,0,1,0,,,,
408,52,0,56,0,0,0,0,0,1,0,0,0,0,1,0,,,,
408,53,0,56,0,0,0,0,0,1,0,0,0,0,1,0,,,,
408,54,0,56,0,0,0,0,0,1,0,0,0,0,1,0,,,,
408,55,0,56,0,0,0,0,0,1,0,0,0,0,1,0,,,,
408,56,0,56,0,0,0,0,0,1,0,0,0,0,1,0,,,,
408,57,0,56,0,0,0,0,0,1,0,0,0,0,1,0,,,,
408,58,0,56,0,0,0,0,0,1,0,0,0,0,1,0,,,,
408,59,0,56,0,0,0,0,0,1,0,0,0,0,1,0,,,,
408,60,0,56,0,0,0,0,0,1,0,0,0,0,1,0,,,,
408,61,0,56,0,0,0,0,0,1,0,0,0,0,1,0,,,,
408,62,0,56,0,0,0,0,0,1,0,0,0,0,1,0,,,,
408,63,0,56,0,0,0,0,0,1,0,0,0,0,1,0,,,,
408,64,0,56,0,0,0,0,0,1,0,0,0,0,1,0,,,,
408,65,0,56,0,0,0,0,0,1,0,0,0,0,1,0,,,,
408,66,0,56,0,0,0,0,0,1,0,0,0,0,1,0,,,,
408,67,0,56,0,0,0,0,0,1,0,0,0,0,1,0,,,,
409,43,0,56,0,0,0,0,0,1,0,0,0,0,1,0,,,,
409,44,0,56,0,0,0,0,0,1,0,0,0,0,1,0,,,,
409,45,0,56,0,0,0,0,0,1,0,0,0,0,1,0,,,,
409,46,0,56,0,0,0,0,0,1,0,0,0,0,1,0,,,,
409,47,0,56,0,0,0,0,0,1,0,0,0,0,1,0,,,,
409,48,0,56,0,0,0,0,0,1,0,0,0,0,1,0,,,,
409,49,0,56,0,0,0,0,0,1,0,0,0,0,1,0,,,,
409,50,0,56,0,0,0,0,0,1,0,0,0,0,1,0,,,,
409,51,0,56,0,0,0,0,0,1,0,0,0,0,1,0,,,,
409,52,0,56,0,0,0,0,0,1,0,0,0,0,1,0,,,,
409,53,0,56,0,0,0,0,0,1,0,0,0,0,1,0,,,,
409,54,0,56,0,0,0,0,0,1,0,0,0,0,1,0,,,,
409,55,0,56,0,0,0,0,0,1,0,0,0,0,1,0,,,,
409,56,0,56,0,0,0,0,0,1,0,0,0,0,1,0,,,,
409,57,0,56,0,0,0,0,0,1,0,0,0,0,1,0,,,,
409,58,0,56,0,0,0,0,0,1,0,0,0,0,1,0,,,,
409,59,0,56,0,0,0,0,0,1,0,0,0,0,1,0,,,,
409,60,0,56,0,0,0,0,0,1,0,0,0,0,1,0,,,,
409,61,0,56,0,0,0,0,0,1,0,0,0,0,1,0,,,,
409,62,0,56,0,0,0,0,0,1,0,0,0,0,1,0,,,,
409,63,0,56,0,0,0,0,0,1,0,0,0,0,1,0,,,,
409,64,0,56,0,0,0,0,0,1,0,0,0,0,1,0,,,,
409,65,0,56,0,0,0,0,0,1,0,0,0,0,1,0,,,,
409,66,0,56,0,0,0,0,0,1,0,0,0,0,1,0,,,,
409,67,0,56,0,0,0,0,0,1,0,0,0,0,1,0,,,,
410,43,0,56,0,0,0,0,0,1,0,0,0,0,1,0,,,,
410,44,0,56,0,0,0,0,0,1,0,0,0,0,1,0,,,,
410,45,0,56,0,0,0,0,0,1,0,0,0,0,1,0,,,,
410,46,0,56,0,0,0,0,0,1,0,0,0,0,1,0,,,,
410,47,0,56,0,0,0,0,0,1,0,0,0,0,1,0,,,,
410,48,0,56,0,0,0,0,0,1,0,0,0,0,1,0,,,,
410,49,0,56,0,0,0,0,0,1,0,0,0,0,1,0,,,,
410,50,0,56,0,0,0,0,0,1,0,0,0,0,1,0,,,,
410,51,0,56,0,0,0,0,0,1,0,0,0,0,1,0,,,,
410,52,0,56,0,0,0,0,0,1,0,0,0,0,1,0,,,,
410,53,0,56,0,0,0,0,0,1,0,0,0,0,1,0,,,,
410,54,0,56,0,0,0,0,0,1,0,0,0,0,1,0,,,,
410,55,0,56,0,0,0,0,0,1,0,0,0,0,1,0,,,,
410,56,0,56,0,0,0,0,0,1,0,0,0,0,1,0,,,,
410,57,0,56,0,0,0,0,0,1,0,0,0,0,1,0,,,,
410,58,0,56,0,0,0,0,0,1,0,0,0,0,1,0,,,,
410,59,0,56,0,0,0,0,0,1,0,0,0,0,1,0,,,,
410,60,0,56,0,0,0,0,0,1,0,0,0,0,1,0,,,,
410,61,0,56,0,0,0,0,0,1,0,0,0,0,1,0,,,,
410,62,0,56,0,0,0,0,0,1,0,0,0,0,1,0,,,,
410,63,0,56,0,0,0,0,0,1,0,0,0,0,1,0,,,,
410,64,0,56,0,0,0,0,0,1,0,0,0,0,1,0,,,,
410,65,0,56,0,0,0,0,0,1,0,0,0,0,1,0,,,,
410,66,0,56,0,0,0,0,0,1,0,0,0,0,1,0,,,,
410,67,0,56,0,0,0,0,0,1,0,0,0,0,1,0,,,,
411,43,0,56,0,0,0,0,0,1,0,0,0,0,1,0,,,,
411,44,0,56,0,0,0,0,0,1,0,0,0,0,1,0,,,,
411,45,0,56,0,0,0,0,0,1,0,0,0,0,1,0,,,,
411,46,0,56,0,0,0,0,0,1,0,0,0,0,1,0,,,,
411,47,0,56,0,0,0,0,0,1,0,0,0,0,1,0,,,,
411,48,0,56,0,0,0,0,0,1,0,0,0,0,1,0,,,,
411,49,0,56,0,0,0,0,0,1,0,0,0,0,1,0,,,,
411,50,0,56,0,0,0,0,0,1,0,0,0,0,1,0,,,,
411,51,0,56,0,0,0,0,0,1,0,0,0,0,1,0,,,,
411,52,0,56,0,0,0,0,0,1,0,0,0,0,1,0,,,,
411,53,0,56,0,0,0,0,0,1,0,0,0,0,1,0,,,,
411,54,0,56,0,0,0,0,0,1,0,0,0,0,1,0,,,,
411,55,0,56,0,0,0,0,0,1,0,0,0,0,1,0,,,,
411,56,0,56,0,0,0,0,0,1,0,0,0,0,1,0,,,,
411,57,0,56,0,0,0,0,0,1,0,0,0,0,1,0,,,,
411,58,0,56,0,0,0,0,0,1,0,0,0,0,1,0,,,,
411,59,0,56,0,0,0,0,0,1,0,0,0,0,1,0,,,,
411,60,0,56,0,0,0,0,0,1,0,0,0,0,1,0,,,,
411,61,0,56,0,0,0,0,0,1,0,0,0,0,1,0,,,,
411,62,0,56,0,0,0,0,0,1,0,0,0,0,1,0,,,,
411,63,0,56,0,0,0,0,0,1,0,0,0,0,1,0,,,,
411,64,0,56,0,0,0,0,0,1,0,0,0,0,1,0,,,,
411,65,0,56,0,0,0,0,0,1,0,0,0,0,1,0,,,,
411,66,0,56,0,0,0,0,0,1,0,0,0,0,1,0,,,,
411,67,0,56,0,0,0,0,0,1,0,0,0,0,1,0,,,,
412,43,0,56,0,0,0,0,0,1,0,0,0,0,1,0,,,,
412,44,0,56,0,0,0,0,0,1,0,0,0,0,1,0,,,,
412,45,0,56,0,0,0,0,0,1,0,0,0,0,1,0,,,,
412,46,0,56,0,0,0,0,0,1,0,0,0,0,1,0,,,,
412,47,0,56,0,0,0,0,0,1,0,0,0,0,1,0,,,,
412,48,0,56,0,0,0,0,0,1,0,0,0,0,1,0,,,,
412,49,0,56,0,0,0,0,0,1,0,0,0,0,1,0,,,,
412,50,0,56,0,0,0,0,0,1,0,0,0,0,1,0,,,,
412,51,0,56,0,0,0,0,0,1,0,0,0,0,1,0,,,,
412,52,0,56,0,0,0,0,0,1,0,0,0,0,1,0,,,,
412,53,0,56,0,0,0,0,0,1,0,0,0,0,1,0,,,,
412,54,0,56,0,0,0,0,0,1,0,0,0,0,1,0,,,,
412,55,0,56,0,0,0,0,0,1,0,0,0,0,1,0,,,,
412,56,0,56,0,0,0,0,0,1,0,0,0,0,1,0,,,,
412,57,0,56,0,0,0,0,0,1,0,0,0,0,1,0,,,,
412,58,0,56,0,0,0,0,0,1,0,0,0,0,1,0,,,,
412,59,0,56,0,0,0,0,0,1,0,0,0,0,1,0,,,,
412,60,0,56,0,0,0,0,0,1,0,0,0,0,1,0,,,,
412,61,0,56,0,0,0,0,0,1,0,0,0,0,1,0,,,,
412,62,0,56,0,0,0,0,0,1,0,0,0,0,1,0,,,,
412,63,0,56,0,0,0,0,0,1,0,0,0,0,1,0,,,,
412,64,0,56,0,0,0,0,0,1,0,0,0,0,1,0,,,,
412,65,0,56,0,0,0,0,0,1,0,0,0,0,1,0,,,,
412,66,0,56,0,0,0,0,0,1,0,0,0,0,1,0,,,,
412,67,0,56,0,0,0,0,0,1,0,0,0,0,1,0,,,,
413,43,0,56,0,0,0,0,0,1,0,0,0,0,1,0,,,,
413,44,0,56,0,0,0,0,0,1,0,0,0,0,1,0,,,,
413,45,0,56,0,0,0,0,0,1,0,0,0,0,1,0,,,,
413,46,0,56,0,0,0,0,0,1,0,0,0,0,1,0,,,,
413,47,0,56,0,0,0,0,0,1,0,0,0,0,1,0,,,,
413,48,0,56,0,0,0,0,0,1,0,0,0,0,1,0,,,,
413,49,0,56,0,0,0,0,0,1,0,0,0,0,1,0,,,,
413,50,0,56,0,0,0,0,0,1,0,0,0,0,1,0,,,,
413,51,0,56,0,0,0,0,0,1,0,0,0,0,1,0,,,,
413,52,0,56,0,0,0,0,0,1,0,0,0,0,1,0,,,,
413,53,0,56,0,0,0,0,0,1,0,0,0,0,1,0,,,,
413,54,0,56,0,0,0,0,0,1,0,0,0,0,1,0,,,,
413,55,0,56,0,0,0,0,0,1,0,0,0,0,1,0,,,,
413,56,0,56,0,0,0,0,0,1,0,0,0,0,1,0,,,,
413,57,0,56,0,0,0,0,0,1,0,0,0,0,1,0,,,,
413,58,0,56,0,0,0,0,0,1,0,0,0,0,1,0,,,,
413,59,0,56,0,0,0,0,0,1,0,0,0,0,1,0,,,,
413,60,0,56,0,0,0,0,0,1,0,0,0,0,1,0,,,,
413,61,0,56,0,0,0,0,0,1,0,0,0,0,1,0,,,,
413,62,0,56,0,0,0,0,0,1,0,0,0,0,1,0,,,,
413,63,0,56,0,0,0,0,0,1,0,0,0,0,1,0,,,,
413,64,0,56,0,0,0,0,0,1,0,0,0,0,1,0,,,,
413,65,0,56,0,0,0,0,0,1,0,0,0,0,1,0,,,,
413,66,0,56,0,0,0,0,0,1,0,0,0,0,1,0,,,,
413,67,0,56,0,0,0,0,0,1,0,0,0,0,1,0,,,,
414,43,0,56,0,0,0,0,0,1,0,0,0,0,1,0,,,,
414,44,0,56,0,0,0,0,0,1,0,0,0,0,1,0,,,,
414,45,0,56,0,0,0,0,0,1,0,0,0,0,1,0,,,,
414,46,0,56,0,0,0,0,0,1,0,0,0,0,1,0,,,,
414,47,0,56,0,0,0,0,0,1,0,0,0,0,1,0,,,,
414,48,0,56,0,0,0,0,0,1,0,0,0,0,1,0,,,,
414,49,0,56,0,0,0,0,0,1,0,0,0,0,1,0,,,,
414,50,0,56,0,0,0,0,0,1,0,0,0,0,1,0,,,,
414,51,0,56,0,0,0,0,0,1,0,0,0,0,1,0,,,,
414,52,0,56,0,0,0,0,0,1,0,0,0,0,1,0,,,,
414,53,0,56,0,0,0,0,0,1,0,0,0,0,1,0,,,,
414,54,0,56,0,0,0,0,0,1,0,0,0,0,1,0,,,,
414,55,0,56,0,0,0,0,0,1,0,0,0,0,1,0,,,,
414,56,0,56,0,0,0,0,0,1,0,0,0,0,1,0,,,,
414,57,0,56,0,0,0,0,0,1,0,0,0,0,1,0,,,,
414,58,0,56,0,0,0,0,0,1,0,0,0,0,1,0,,,,
414,59,0,56,0,0,0,0,0,1,0,0,0,0,1,0,,,,
414,60,0,56,0,0,0,0,0,1,0,0,0,0,1,0,,,,
414,61,0,56,0,0,0,0,0,1,0,0,0,0,1,0,,,,
414,62,0,56,0,0,0,0,0,1,0,0,0,0,1,0,,,,
414,63,0,56,0,0,0,0,0,1,0,0,0,0,1,0,,,,
414,64,0,56,0,0,0,0,0,1,0,0,0,0,1,0,,,,
414,65,0,56,0,0,0,0,0,1,0,0,0,0,1,0,,,,
414,66,0,56,0,0,0,0,0,1,0,0,0,0,1,0,,,,
414,67,0,56,0,0,0,0,0,1,0,0,0,0,1,0,,,,
415,43,0,56,0,0,0,0,0,1,0,0,0,0,1,0,,,,
415,44,0,56,0,0,0,0,0,1,0,0,0,0,1,0,,,,
415,45,0,56,0,0,0,0,0,1,0,0,0,0,1,0,,,,
415,46,0,56,0,0,0,0,0,1,0,0,0,0,1,0,,,,
415,47,0,56,0,0,0,0,0,1,0,0,0,0,1,0,,,,
415,48,0,56,0,0,0,0,0,1,0,0,0,0,1,0,,,,
415,49,0,56,0,0,0,0,0,1,0,0,0,0,1,0,,,,
415,50,0,56,0,0,0,0,0,1,0,0,0,0,1,0,,,,
415,51,0,56,0,0,0,0,0,1,0,0,0,0,1,0,,,,
415,52,0,56,0,0,0,0,0,1,0,0,0,0,1,0,,,,
415,53,0,56,0,0,0,0,0,1,0,0,0,0,1,0,,,,
415,54,0,56,0,0,0,0,0,1,0,0,0,0,1,0,,,,
415,55,0,56,0,0,0,0,0,1,0,0,0,0,1,0,,,,
415,56,0,56,0,0,0,0,0,1,0,0,0,0,1,0,,,,
415,57,0,56,0,0,0,0,0,1,0,0,0,0,1,0,,,,
415,58,0,56,0,0,0,0,0,1,0,0,0,0,1,0,,,,
415,59,0,56,0,0,0,0,0,1,0,0,0,0,1,0,,,,
415,60,0,56,0,0,0,0,0,1,0,0,0,0,1,0,,,,
415,61,0,56,0,0,0,0,0,1,0,0,0,0,1,0,,,,
415,62,0,56,0,0,0,0,0,1,0,0,0,0,1,0,,,,
415,63,0,56,0,0,0,0,0,1,0,0,0,0,1,0,,,,
415,64,0,56,0,0,0,0,0,1,0,0,0,0,1,0,,,,
415,65,0,56,0,0,0,0,0,1,0,0,0,0,1,0,,,,
415,66,0,56,0,0,0,0,0,1,0,0,0,0,1,0,,,,
415,67,0,56,0,0,0,0,0,1,0,0,0,0,1,0,,,,
416,43,0,56,0,0,0,0,0,1,0,0,0,0,1,0,,,,
416,44,0,56,0,0,0,0,0,1,0,0,0,0,1,0,,,,
416,45,0,56,0,0,0,0,0,1,0,0,0,0,1,0,,,,
416,46,0,56,0,0,0,0,0,1,0,0,0,0,1,0,,,,
416,47,0,56,0,0,0,0,0,1,0,0,0,0,1,0,,,,
416,48,0,56,0,0,0,0,0,1,0,0,0,0,1,0,,,,
416,49,0,56,0,0,0,0,0,1,0,0,0,0,1,0,,,,
416,50,0,56,0,0,0,0,0,1,0,0,0,0,1,0,,,,
416,51,0,56,0,0,0,0,0,1,0,0,0,0,1,0,,,,
416,52,0,56,0,0,0,0,0,1,0,0,0,0,1,0,,,,
416,53,0,56,0,0,0,0,0,1,0,0,0,0,1,0,,,,
416,54,0,56,0,0,0,0,0,1,0,0,0,0,1,0,,,,
416,55,0,56,0,0,0,0,0,1,0,0,0,0,1,0,,,,
416,56,0,56,0,0,0,0,0,1,0,0,0,0,1,0,,,,
416,57,0,56,0,0,0,0,0,1,0,0,0,0,1,0,,,,
416,58,0,56,0,0,0,0,0,1,0,0,0,0,1,0,,,,
416,59,0,56,0,0,0,0,0,1,0,0,0,0,1,0,,,,
416,60,0,56,0,0,0,0,0,1,0,0,0,0,1,0,,,,
416,61,0,56,0,0,0,0,0,1,0,0,0,0,1,0,,,,
416,62,0,56,0,0,0,0,0,1,0,0,0,0,1,0,,,,
416,63,0,56,0,0,0,0,0,1,0,0,0,0,1,0,,,,
416,64,0,56,0,0,0,0,0,1,0,0,0,0,1,0,,,,
416,65,0,56,0,0,0,0,0,1,0,0,0,0,1,0,,,,
416,66,0,56,0,0,0,0,0,1,0,0,0,0,1,0,,,,
416,67,0,56,0,0,0,0,0,1,0,0,0,0,1,0,,,,
417,43,0,56,0,0,0,0,0,1,0,0,0,0,1,0,,,,
417,44,0,56,0,0,0,0,0,1,0,0,0,0,1,0,,,,
417,45,0,56,0,0,0,0,0,1,0,0,0,0,1,0,,,,
417,46,0,56,0,0,0,0,0,1,0,0,0,0,1,0,,,,
417,47,0,56,0,0,0,0,0,1,0,0,0,0,1,0,,,,
417,48,0,56,0,0,0,0,0,1,0,0,0,0,1,0,,,,
417,49,0,56,0,0,0,0,0,1,0,0,0,0,1,0,,,,
417,50,0,56,0,0,0,0,0,1,0,0,0,0,1,0,,,,
417,51,0,56,0,0,0,0,0,1,0,0,0,0,1,0,,,,
417,52,0,56,0,0,0,0,0,1,0,0,0,0,1,0,,,,
417,53,0,56,0,0,0,0,0,1,0,0,0,0,1,0,,,,
417,54,0,56,0,0,0,0,0,1,0,0,0,0,1,0,,,,
417,55,0,56,0,0,0,0,0,1,0,0,0,0,1,0,,,,
417,56,0,56,0,0,0,0,0,1,0,0,0,0,1,0,,,,
417,57,0,56,0,0,0,0,0,1,0,0,0,0,1,0,,,,
417,58,0,56,0,0,0,0,0,1,0,0,0,0,1,0,,,,
417,59,0,56,0,0,0,0,0,1,0,0,0,0,1,0,,,,
417,60,0,56,0,0,0,0,0,1,0,0,0,0,1,0,,,,
417,61,0,56,0,0,0,0,0,1,0,0,0,0,1,0,,,,
417,62,0,56,0,0,0,0,0,1,0,0,0,0,1,0,,,,
417,63,0,56,0,0,0,0,0,1,0,0,0,0,1,0,,,,
417,64,0,56,0,0,0,0,0,1,0,0,0,0,1,0,,,,
417,65,0,56,0,0,0,0,0,1,0,0,0,0,1,0,,,,
417,66,0,56,0,0,0,0,0,1,0,0,0,0,1,0,,,,
417,67,0,56,0,0,0,0,0,1,0,0,0,0,1,0,,,,
418,43,0,56,0,0,0,0,0,1,0,0,0,0,1,0,,,,
418,44,0,56,0,0,0,0,0,1,0,0,0,0,1,0,,,,
418,45,0,56,0,0,0,0,0,1,0,0,0,0,1,0,,,,
418,46,0,56,0,0,0,0,0,1,0,0,0,0,1,0,,,,
418,47,0,56,0,0,0,0,0,1,0,0,0,0,1,0,,,,
418,48,0,56,0,0,0,0,0,1,0,0,0,0,1,0,,,,
418,49,0,56,0,0,0,0,0,1,0,0,0,0,1,0,,,,
418,50,0,56,0,0,0,0,0,1,0,0,0,0,1,0,,,,
418,51,0,56,0,0,0,0,0,1,0,0,0,0,1,0,,,,
418,52,0,56,0,0,0,0,0,1,0,0,0,0,1,0,,,,
418,53,0,56,0,0,0,0,0,1,0,0,0,0,1,0,,,,
418,54,0,56,0,0,0,0,0,1,0,0,0,0,1,0,,,,
418,55,0,56,0,0,0,0,0,1,0,0,0,0,1,0,,,,
418,56,0,56,0,0,0,0,0,1,0,0,0,0,1,0,,,,
418,57,0,56,0,0,0,0,0,1,0,0,0,0,1,0,,,,
418,58,0,56,0,0,0,0,0,1,0,0,0,0,1,0,,,,
418,59,0,56,0,0,0,0,0,1,0,0,0,0,1,0,,,,
418,60,0,56,0,0,0,0,0,1,0,0,0,0,1,0,,,,
418,61,0,56,0,0,0,0,0,1,0,0,0,0,1,0,,,,
418,62,0,56,0,0,0,0,0,1,0,0,0,0,1,0,,,,
418,63,0,56,0,0,0,0,0,1,0,0,0,0,1,0,,,,
418,64,0,56,0,0,0,0,0,1,0,0,0,0,1,0,,,,
418,65,0,56,0,0,0,0,0,1,0,0,0,0,1,0,,,,
418,66,0,56,0,0,0,0,0,1,0,0,0,0,1,0,,,,
418,67,0,56,0,0,0,0,0,1,0,0,0,0,1,0,,,,
419,43,0,56,0,0,0,0,0,1,0,0,0,0,1,0,,,,
419,44,0,56,0,0,0,0,0,1,0,0,0,0,1,0,,,,
419,45,0,56,0,0,0,0,0,1,0,0,0,0,1,0,,,,
419,46,0,56,0,0,0,0,0,1,0,0,0,0,1,0,,,,
419,47,0,56,0,0,0,0,0,1,0,0,0,0,1,0,,,,
419,48,0,56,0,0,0,0,0,1,0,0,0,0,1,0,,,,
419,49,0,56,0,0,0,0,0,1,0,0,0,0,1,0,,,,
419,50,0,56,0,0,0,0,0,1,0,0,0,0,1,0,,,,
419,51,0,56,0,0,0,0,0,1,0,0,0,0,1,0,,,,
419,52,0,56,0,0,0,0,0,1,0,0,0,0,1,0,,,,
419,53,0,56,0,0,0,0,0,1,0,0,0,0,1,0,,,,
419,54,0,56,0,0,0,0,0,1,0,0,0,0,1,0,,,,
419,55,0,56,0,0,0,0,0,1,0,0,0,0,1,0,,,,
419,56,0,56,0,0,0,0,0,1,0,0,0,0,1,0,,,,
419,57,0,56,0,0,0,0,0,1,0,0,0,0,1,0,,,,
419,58,0,56,0,0,0,0,0,1,0,0,0,0,1,0,,,,
419,59,0,56,0,0,0,0,0,1,0,0,0,0,1,0,,,,
419,60,0,56,0,0,0,0,0,1,0,0,0,0,1,0,,,,
419,61,0,56,0,0,0,0,0,1,0,0,0,0,1,0,,,,
419,62,0,56,0,0,0,0,0,1,0,0,0,0,1,0,,,,
419,63,0,56,0,0,0,0,0,1,0,0,0,0,1,0,,,,
419,64,0,56,0,0,0,0,0,1,0,0,0,0,1,0,,,,
419,65,0,56,0,0,0,0,0,1,0,0,0,0,1,0,,,,
419,66,0,56,0,0,0,0,0,1,0,0,0,0,1,0,,,,
419,67,0,56,0,0,0,0,0,1,0,0,0,0,1,0,,,,
420,43,0,56,0,0,0,0,0,1,0,0,0,0,1,0,,,,
420,44,0,56,0,0,0,0,0,1,0,0,0,0,1,0,,,,
420,45,0,56,0,0,0,0,0,1,0,0,0,0,1,0,,,,
420,46,0,56,0,0,0,0,0,1,0,0,0,0,1,0,,,,
420,47,0,56,0,0,0,0,0,1,0,0,0,0,1,0,,,,
420,48,0,56,0,0,0,0,0,1,0,0,0,0,1,0,,,,
420,49,0,56,0,0,0,0,0,1,0,0,0,0,1,0,,,,
420,50,0,56,0,0,0,0,0,1,0,0,0,0,1,0,,,,
420,51,0,56,0,0,0,0,0,1,0,0,0,0,1,0,,,,
420,52,0,56,0,0,0,0,0,1,0,0,0,0,1,0,,,,
420,53,0,56,0,0,0,0,0,1,0,0,0,0,1,0,,,,
420,54,0,56,0,0,0,0,0,1,0,0,0,0,1,0,,,,
420,55,0,56,0,0,0,0,0,1,0,0,0,0,1,0,,,,
420,56,0,56,0,0,0,0,0,1,0,0,0,0,1,0,,,,
420,57,0,56,0,0,0,0,0,1,0,0,0,0,1,0,,,,
420,58,0,56,0,0,0,0,0,1,0,0,0,0,1,0,,,,
420,59,0,56,0,0,0,0,0,1,0,0,0,0,1,0,,,,
420,60,0,56,0,0,0,0,0,1,0,0,0,0,1,0,,,,
420,61,0,56,0,0,0,0,0,1,0,0,0,0,1,0,,,,
420,62,0,56,0,0,0,0,0,1,0,0,0,0,1,0,,,,
420,63,0,56,0,0,0,0,0,1,0,0,0,0,1,0,,,,
420,64,0,56,0,0,0,0,0,1,0,0,0,0,1,0,,,,
420,65,0,56,0,0,0,0,0,1,0,0,0,0,1,0,,,,
420,66,0,56,0,0,0,0,0,1,0,0,0,0,1,0,,,,
420,67,0,56,0,0,0,0,0,1,0,0,0,0,1,0,,,,
421,43,0,56,0,0,0,0,0,1,0,0,0,0,1,0,,,,
421,44,0,56,0,0,0,0,0,1,0,0,0,0,1,0,,,,
421,45,0,56,0,0,0,0,0,1,0,0,0,0,1,0,,,,
421,46,0,56,0,0,0,0,0,1,0,0,0,0,1,0,,,,
421,47,0,56,0,0,0,0,0,1,0,0,0,0,1,0,,,,
421,48,0,56,0,0,0,0,0,1,0,0,0,0,1,0,,,,
421,49,0,56,0,0,0,0,0,1,0,0,0,0,1,0,,,,
421,50,0,56,0,0,0,0,0,1,0,0,0,0,1,0,,,,
421,51,0,56,0,0,0,0,0,1,0,0,0,0,1,0,,,,
421,52,0,56,0,0,0,0,0,1,0,0,0,0,1,0,,,,
421,53,46,56,0,0,0,0,1,1,0,0,0,0,1,0,,,,
421,54,46,56,0,0,0,0,1,1,0,0,0,0,1,0,,,,
421,55,46,56,0,0,0,0,1,1,0,0,0,0,1,0,,,,
421,56,46,56,0,0,0,0,1,1,0,0,0,0,1,0,,,,
421,57,46,56,0,0,0,0,1,1,0,0,0,0,1,0,,,,
421,58,46,56,0,0,0,0,1,1,0,0,0,0,1,0,,,,
421,59,0,56,0,0,0,0,0,1,0,0,0,0,1,0,,,,
421,60,0,56,0,0,0,0,0,1,0,0,0,0,1,0,,,,
421,61,0,56,0,0,0,0,0,1,0,0,0,0,1,0,,,,
421,62,0,56,0,0,0,0,0,1,0,0,0,0,1,0,,,,
421,63,0,56,0,0,0,0,0,1,0,0,0,0,1,0,,,,
421,64,0,56,0,0,0,0,0,1,0,0,0,0,1,0,,,,
421,65,0,56,0,0,0,0,0,1,0,0,0,0,1,0,,,,
421,66,0,56,0,0,0,0,0,1,0,0,0,0,1,0,,,,
421,67,0,56,0,0,0,0,0,1,0,0,0,0,1,0,,,,
422,43,0,56,0,0,0,0,0,1,0,0,0,0,1,0,,,,
422,44,0,56,0,0,0,0,0,1,0,0,0,0,1,0,,,,
422,45,0,56,0,0,0,0,0,1,0,0,0,0,1,0,,,,
422,46,0,56,0,0,0,0,0,1,0,0,0,0,1,0,,,,
422,47,0,56,0,0,0,0,0,1,0,0,0,0,1,0,,,,
422,48,0,56,0,0,0,0,0,1,0,0,0,0,1,0,,,,
422,49,0,56,0,0,0,0,0,1,0,0,0,0,1,0,,,,
422,50,0,56,0,0,0,0,0,1,0,0,0,0,1,0,,,,
422,51,0,56,0,0,0,0,0,1,0,0,0,0,1,0,,,,
422,52,0,56,0,0,0,0,0,1,0,0,0,0,1,0,,,,
422,53,46,56,0,0,0,0,1,1,0,0,0,0,1,0,,,,
422,54,46,56,0,0,0,0,1,1,0,0,0,0,1,0,,,,
422,55,46,56,0,0,0,0,1,1,0,0,0,0,1,0,,,,
422,56,46,56,0,0,0,0,1,1,0,0,0,0,1,0,,,,
422,57,46,56,0,0,0,0,1,1,0,0,0,0,1,0,,,,
422,58,46,56,0,0,0,0,1,1,0,0,0,0,1,0,,,,
422,59,0,56,0,0,0,0,0,1,0,0,0,0,1,0,,,,
422,60,0,56,0,0,0,0,0,1,0,0,0,0,1,0,,,,
422,61,0,56,0,0,0,0,0,1,0,0,0,0,1,0,,,,
422,62,0,56,0,0,0,0,0,1,0,0,0,0,1,0,,,,
422,63,0,56,0,0,0,0,0,1,0,0,0,0,1,0,,,,
422,64,0,56,0,0,0,0,0,1,0,0,0,0,1,0,,,,
422,65,0,56,0,0,0,0,0,1,0,0,0,0,1,0,,,,
422,66,0,56,0,0,0,0,0,1,0,0,0,0,1,0,,,,
422,67,0,56,0,0,0,0,0,1,0,0,0,0,1,0,,,,
423,43,0,56,0,0,0,0,0,1,0,0,0,0,1,0,,,,
423,44,0,56,0,0,0,0,0,1,0,0,0,0,1,0,,,,
423,45,0,56,0,0,0,0,0,1,0,0,0,0,1,0,,,,
423,46,0,56,0,0,0,0,0,1,0,0,0,0,1,0,,,,
423,47,0,56,0,0,0,0,0,1,0,0,0,0,1,0,,,,
423,48,0,56,0,0,0,0,0,1,0,0,0,0,1,0,,,,
423,49,0,56,0,0,0,0,0,1,0,0,0,0,1,0,,,,
423,50,0,56,0,0,0,0,0,1,0,0,0,0,1,0,,,,
423,51,0,56,0,0,0,0,0,1,0,0,0,0,1,0,,,,
423,52,0,56,0,0,0,0,0,1,0,0,0,0,1,0,,,,
423,53,46,56,0,0,0,0,1,1,0,0,0,0,1,0,,,,
423,54,46,56,0,0,0,0,1,1,0,0,0,0,1,0,,,,
423,55,46,56,0,0,0,0,1,1,0,0,0,0,1,0,,,,
423,56,46,56,0,0,0,0,1,1,0,0,0,0,1,0,,,,
423,57,46,56,0,0,0,0,1,1,0,0,0,0,1,0,,,,
423,58,46,56,0,0,0,0,1,1,0,0,0,0,1,0,,,,
423,59,0,56,0,0,0,0,0,1,0,0,0,0,1,0,,,,
423,60,0,56,0,0,0,0,0,1,0,0,0,0,1,0,,,,
423,61,0,56,0,0,0,0,0,1,0,0,0,0,1,0,,,,
423,62,0,56,0,0,0,0,0,1,0,0,0,0,1,0,,,,
423,63,0,56,0,0,0,0,0,1,0,0,0,0,1,0,,,,
423,64,0,56,0,0,0,0,0,1,0,0,0,0,1,0,,,,
423,65,0,56,0,0,0,0,0,1,0,0,0,0,1,0,,,,
423,66,0,56,0,0,0,0,0,1,0,0,0,0,1,0,,,,
423,67,0,56,0,0,0,0,0,1,0,0,0,0,1,0,,,,
424,43,0,56,0,0,0,0,0,1,0,0,0,0,1,0,,,,
424,44,0,56,0,0,0,0,0,1,0,0,0,0,1,0,,,,
424,45,0,56,0,0,0,0,0,1,0,0,0,0,1,0,,,,
424,46,0,56,0,0,0,0,0,1,0,0,0,0,1,0,,,,
424,47,0,56,0,0,0,0,0,1,0,0,0,0,1,0,,,,
424,48,0,56,0,0,0,0,0,1,0,0,0,0,1,0,,,,
424,49,0,56,0,0,0,0,0,1,0,0,0,0,1,0,,,,
424,50,0,56,0,0,0,0,0,1,0,0,0,0,1,0,,,,
424,51,0,56,0,0,0,0,0,1,0,0,0,0,1,0,,,,
424,52,0,56,0,0,0,0,0,1,0,0,0,0,1,0,,,,
424,53,46,56,0,0,0,0,1,1,0,0,0,0,1,0,,,,
424,54,46,56,0,0,0,0,1,1,0,0,0,0,1,0,,,,
424,55,46,56,0,0,0,0,1,1,0,0,0,0,1,0,,,,
424,56,46,56,0,0,0,0,1,1,0,0,0,0,1,0,,,,
424,57,46,56,0,0,0,0,1,1,0,0,0,0,1,0,,,,
424,58,46,56,0,0,0,0,1,1,0,0,0,0,1,0,,,,
424,59,0,56,0,0,0,0,0,1,0,0,0,0,1,0,,,,
424,60,0,56,0,0,0,0,0,1,0,0,0,0,1,0,,,,
424,61,0,56,0,0,0,0,0,1,0,0,0,0,1,0,,,,
424,62,0,56,0,0,0,0,0,1,0,0,0,0,1,0,,,,
424,63,0,56,0,0,0,0,0,1,0,0,0,0,1,0,,,,
424,64,0,56,0,0,0,0,0,1,0,0,0,0,1,0,,,,
424,65,0,56,0,0,0,0,0,1,0,0,0,0,1,0,,,,
424,66,0,56,0,0,0,0,0,1,0,0,0,0,1,0,,,,
424,67,0,56,0,0,0,0,0,1,0,0,0,0,1,0,,,,
425,43,0,56,0,0,0,0,0,1,0,0,0,0,1,0,,,,
425,44,0,56,0,0,0,0,0,1,0,0,0,0,1,0,,,,
425,45,0,56,0,0,0,0,0,1,0,0,0,0,1,0,,,,
425,46,0,56,0,0,0,0,0,1,0,0,0,0,1,0,,,,
425,47,0,56,0,0,0,0,0,1,0,0,0,0,1,0,,,,
425,48,0,56,0,0,0,0,0,1,0,0,0,0,1,0,,,,
425,49,0,56,0,0,0,0,0,1,0,0,0,0,1,0,,,,
425,50,0,56,0,0,0,0,0,1,0,0,0,0,1,0,,,,
425,51,0,56,0,0,0,0,0,1,0,0,0,0,1,0,,,,
425,52,0,56,0,0,0,0,0,1,0,0,0,0,1,0,,,,
425,53,46,56,0,0,0,0,1,1,0,0,0,0,1,0,,,,
425,54,46,56,0,0,0,0,1,1,0,0,0,0,1,0,,,,
425,55,46,56,0,0,0,0,1,1,0,0,0,0,1,0,,,,
425,56,46,56,0,0,0,0,1,1,0,0,0,0,1,0,,,,
425,57,46,56,0,0,0,0,1,1,0,0,0,0,1,0,,,,
425,58,46,56,0,0,0,0,1,1,0,0,0,0,1,0,,,,
425,59,0,56,0,0,0,0,0,1,0,0,0,0,1,0,,,,
425,60,0,56,0,0,0,0,0,1,0,0,0,0,1,0,,,,
425,61,0,56,0,0,0,0,0,1,0,0,0,0,1,0,,,,
425,62,0,56,0,0,0,0,0,1,0,0,0,0,1,0,,,,
425,63,0,56,0,0,0,0,0,1,0,0,0,0,1,0,,,,
425,64,0,56,0,0,0,0,0,1,0,0,0,0,1,0,,,,
425,65,0,56,0,0,0,0,0,1,0,0,0,0,1,0,,,,
425,66,0,56,0,0,0,0,0,1,0,0,0,0,1,0,,,,
425,67,0,56,0,0,0,0,0,1,0,0,0,0,1,0,,,,
426,43,0,56,0,0,0,0,0,1,0,0,0,0,1,0,,,,
426,44,0,56,0,0,0,0,0,1,0,0,0,0,1,0,,,,
426,45,0,56,0,0,0,0,0,1,0,0,0,0,1,0,,,,
426,46,0,56,0,0,0,0,0,1,0,0,0,0,1,0,,,,
426,47,0,56,0,0,0,0,0,1,0,0,0,0,1,0,,,,
426,48,0,56,0,0,0,0,0,1,0,0,0,0,1,0,,,,
426,49,0,56,0,0,0,0,0,1,0,0,0,0,1,0,,,,
426,50,0,56,0,0,0,0,0,1,0,0,0,0,1,0,,,,
426,51,0,56,0,0,0,0,0,1,0,0,0,0,1,0,,,,
426,52,0,56,0,0,0,0,0,1,0,0,0,0,1,0,,,,
426,53,46,56,0,0,0,0,1,1,0,0,0,0,1,0,,,,
426,54,46,56,0,0,0,0,1,1,0,0,0,0,1,0,,,,
426,55,46,56,0,0,0,0,1,1,0,0,0,0,1,0,,,,
426,56,46,56,0,0,0,0,1,1,0,0,0,0,1,0,,,,
426,57,46,56,0,0,0,0,1,1,0,0,0,0,1,0,,,,
426,58,46,56,0,0,0,0,1,1,0,0,0,0,1,0,,,,
426,59,0,56,0,0,0,0,0,1,0,0,0,0,1,0,,,,
426,60,0,56,0,0,0,0,0,1,0,0,0,0,1,0,,,,
426,61,0,56,0,0,0,0,0,1,0,0,0,0,1,0,,,,
426,62,0,56,0,0,0,0,0,1,0,0,0,0,1,0,,,,
426,63,0,56,0,0,0,0,0,1,0,0,0,0,1,0,,,,
426,64,0,56,0,0,0,0,0,1,0,0,0,0,1,0,,,,
426,65,0,56,0,0,0,0,0,1,0,0,0,0,1,0,,,,
426,66,0,56,0,0,0,0,0,1,0,0,0,0,1,0,,,,
426,67,0,56,0,0,0,0,0,1,0,0,0,0,1,0,,,,
427,43,0,56,0,0,0,0,0,1,0,0,0,0,1,0,,,,
427,44,0,56,0,0,0,0,0,1,0,0,0,0,1,0,,,,
427,45,0,56,0,0,0,0,0,1,0,0,0,0,1,0,,,,
427,46,0,56,0,0,0,0,0,1,0,0,0,0,1,0,,,,
427,47,0,56,0,0,0,0,0,1,0,0,0,0,1,0,,,,
427,48,0,56,0,0,0,0,0,1,0,0,0,0,1,0,,,,
427,49,0,56,0,0,0,0,0,1,0,0,0,0,1,0,,,,
427,50,0,56,0,0,0,0,0,1,0,0,0,0,1,0,,,,
427,51,0,56,0,0,0,0,0,1,0,0,0,0,1,0,,,,
427,52,0,56,0,0,0,0,0,1,0,0,0,0,1,0,,,,
427,53,46,56,0,0,0,0,1,1,0,0,0,0,1,0,,,,
427,54,46,56,0,0,0,0,1,1,0,0,0,0,1,0,,,,
427,55,46,56,0,0,0,0,1,1,0,0,0,0,1,0,,,,
427,56,46,56,0,0,0,0,1,1,0,0,0,0,1,0,,,,
427,57,46,56,0,0,0,0,1,1,0,0,0,0,1,0,,,,
427,58,46,56,0,0,0,0,1,1,0,0,0,0,1,0,,,,
427,59,0,56,0,0,0,0,0,1,0,0,0,0,1,0,,,,
427,60,0,56,0,0,0,0,0,1,0,0,0,0,1,0,,,,
427,61,0,56,0,0,0,0,0,1,0,0,0,0,1,0,,,,
427,62,0,56,0,0,0,0,0,1,0,0,0,0,1,0,,,,
427,63,0,56,0,0,0,0,0,1,0,0,0,0,1,0,,,,
427,64,0,56,0,0,0,0,0,1,0,0,0,0,1,0,,,,
427,65,0,56,0,0,0,0,0,1,0,0,0,0,1,0,,,,
427,66,0,56,0,0,0,0,0,1,0,0,0,0,1,0,,,,
427,67,0,56,0,0,0,0,0,1,0,0,0,0,1,0,,,,
428,43,0,56,0,0,0,0,0,1,0,0,0,0,1,0,,,,
428,44,0,56,0,0,0,0,0,1,0,0,0,0,1,0,,,,
428,45,0,56,0,0,0,0,0,1,0,0,0,0,1,0,,,,
428,46,0,56,0,0,0,0,0,1,0,0,0,0,1,0,,,,
428,47,0,56,0,0,0,0,0,1,0,0,0,0,1,0,,,,
428,48,0,56,0,0,0,0,0,1,0,0,0,0,1,0,,,,
428,49,0,56,0,0,0,0,0,1,0,0,0,0,1,0,,,,
428,50,0,56,0,0,0,0,0,1,0,0,0,0,1,0,,,,
428,51,0,56,0,0,0,0,0,1,0,0,0,0,1,0,,,,
428,52,0,56,0,0,0,0,0,1,0,0,0,0,1,0,,,,
428,53,46,56,0,0,0,0,1,1,0,0,0,0,1,0,,,,
428,54,46,56,0,0,0,0,1,1,0,0,0,0,1,0,,,,
428,55,46,56,0,0,0,0,1,1,0,0,0,0,1,0,,,,
428,56,46,56,0,0,0,0,1,1,0,0,0,0,1,0,,,,
428,57,46,56,0,0,0,0,1,1,0,0,0,0,1,0,,,,
428,58,46,56,0,0,0,0,1,1,0,0,0,0,1,0,,,,
428,59,0,56,0,0,0,0,0,1,0,0,0,0,1,0,,,,
428,60,0,56,0,0,0,0,0,1,0,0,0,0,1,0,,,,
428,61,0,56,0,0,0,0,0,1,0,0,0,0,1,0,,,,
428,62,0,56,0,0,0,0,0,1,0,0,0,0,1,0,,,,
428,63,0,56,0,0,0,0,0,1,0,0,0,0,1,0,,,,
428,64,0,56,0,0,0,0,0,1,0,0,0,0,1,0,,,,
428,65,0,56,0,0,0,0,0,1,0,0,0,0,1,0,,,,
428,66,0,56,0,0,0,0,0,1,0,0,0,0,1,0,,,,
428,67,0,56,0,0,0,0,0,1,0,0,0,0,1,0,,,,
429,43,0,56,0,0,0,0,0,1,0,0,0,0,1,0,,,,
429,44,0,56,0,0,0,0,0,1,0,0,0,0,1,0,,,,
429,45,0,56,0,0,0,0,0,1,0,0,0,0,1,0,,,,
429,46,0,56,0,0,0,0,0,1,0,0,0,0,1,0,,,,
429,47,0,56,0,0,0,0,0,1,0,0,0,0,1,0,,,,
429,48,0,56,0,0,0,0,0,1,0,0,0,0,1,0,,,,
429,49,0,56,0,0,0,0,0,1,0,0,0,0,1,0,,,,
429,50,0,56,0,0,0,0,0,1,0,0,0,0,1,0,,,,
429,51,0,56,0,0,0,0,0,1,0,0,0,0,1,0,,,,
429,52,0,56,0,0,0,0,0,1,0,0,0,0,1,0,,,,
429,53,46,56,0,0,0,0,1,1,0,0,0,0,1,0,,,,
429,54,46,56,0,0,0,0,1,1,0,0,0,0,1,0,,,,
429,55,46,56,0,0,0,0,1,1,0,0,0,0,1,0,,,,
429,56,46,56,0,0,0,0,1,1,0,0,0,0,1,0,,,,
429,57,46,56,0,0,0,0,1,1,0,0,0,0,1,0,,,,
429,58,46,56,0,0,0,0,1,1,0,0,0,0,1,0,,,,
429,59,0,56,0,0,0,0,0,1,0,0,0,0,1,0,,,,
429,60,0,56,0,0,0,0,0,1,0,0,0,0,1,0,,,,
429,61,0,56,0,0,0,0,0,1,0,0,0,0,1,0,,,,
429,62,0,56,0,0,0,0,0,1,0,0,0,0,1,0,,,,
429,63,0,56,0,0,0,0,0,1,0,0,0,0,1,0,,,,
429,64,0,56,0,0,0,0,0,1,0,0,0,0,1,0,,,,
429,65,0,56,0,0,0,0,0,1,0,0,0,0,1,0,,,,
429,66,0,56,0,0,0,0,0,1,0,0,0,0,1,0,,,,
429,67,0,56,0,0,0,0,0,1,0,0,0,0,1,0,,,,
430,43,0,56,0,0,0,0,0,1,0,0,0,0,1,0,,,,
430,44,0,56,0,0,0,0,0,1,0,0,0,0,1,0,,,,
430,45,0,56,0,0,0,0,0,1,0,0,0,0,1,0,,,,
430,46,0,56,0,0,0,0,0,1,0,0,0,0,1,0,,,,
430,47,0,56,0,0,0,0,0,1,0,0,0,0,1,0,,,,
430,48,0,56,0,0,0,0,0,1,0,0,0,0,1,0,,,,
430,49,0,56,0,0,0,0,0,1,0,0,0,0,1,0,,,,
430,50,0,56,0,0,0,0,0,1,0,0,0,0,1,0,,,,
430,51,0,56,0,0,0,0,0,1,0,0,0,0,1,0,,,,
430,52,0,56,0,0,0,0,0,1,0,0,0,0,1,0,,,,
430,53,46,56,0,0,0,0,1,1,0,0,0,0,1,0,,,,
430,54,46,56,0,0,0,0,1,1,0,0,0,0,1,0,,,,
430,55,46,56,0,0,0,0,1,1,0,0,0,0,1,0,,,,
430,56,46,56,0,0,0,0,1,1,0,0,0,0,1,0,,,,
430,57,46,56,0,0,0,0,1,1,0,0,0,0,1,0,,,,
430,58,46,56,0,0,0,0,1,1,0,0,0,0,1,0,,,,
430,59,0,56,0,0,0,0,0,1,0,0,0,0,1,0,,,,
430,60,0,56,0,0,0,0,0,1,0,0,0,0,1,0,,,,
430,61,0,56,0,0,0,0,0,1,0,0,0,0,1,0,,,,
430,62,0,56,0,0,0,0,0,1,0,0,0,0,1,0,,,,
430,63,0,56,0,0,0,0,0,1,0,0,0,0,1,0,,,,
430,64,0,56,0,0,0,0,0,1,0,0,0,0,1,0,,,,
430,65,0,56,0,0,0,0,0,1,0,0,0,0,1,0,,,,
430,66,0,56,0,0,0,0,0,1,0,0,0,0,1,0,,,,
430,67,0,56,0,0,0,0,0,1,0,0,0,0,1,0,,,,
431,43,0,56,0,0,0,0,0,1,0,0,0,0,1,0,,,,
431,44,0,56,0,0,0,0,0,1,0,0,0,0,1,0,,,,
431,45,0,56,0,0,0,0,0,1,0,0,0,0,1,0,,,,
431,46,0,56,0,0,0,0,0,1,0,0,0,0,1,0,,,,
431,47,0,56,0,0,0,0,0,1,0,0,0,0,1,0,,,,
431,48,0,56,0,0,0,0,0,1,0,0,0,0,1,0,,,,
431,49,0,56,0,0,0,0,0,1,0,0,0,0,1,0,,,,
431,50,0,56,0,0,0,0,0,1,0,0,0,0,1,0,,,,
431,51,0,56,0,0,0,0,0,1,0,0,0,0,1,0,,,,
431,52,0,56,0,0,0,0,0,1,0,0,0,0,1,0,,,,
431,53,46,56,0,0,0,0,1,1,0,0,0,0,1,0,,,,
431,54,46,56,0,0,0,0,1,1,0,0,0,0,1,0,,,,
431,55,46,56,0,0,0,0,1,1,0,0,0,0,1,0,,,,
431,56,46,56,0,0,0,0,1,1,0,0,0,0,1,0,,,,
431,57,46,56,0,0,0,0,1,1,0,0,0,0,1,0,,,,
431,58,46,56,0,0,0,0,1,1,0,0,0,0,1,0,,,,
431,59,0,56,0,0,0,0,0,1,0,0,0,0,1,0,,,,
431,60,0,56,0,0,0,0,0,1,0,0,0,0,1,0,,,,
431,61,0,56,0,0,0,0,0,1,0,0,0,0,1,0,,,,
431,62,0,56,0,0,0,0,0,1,0,0,0,0,1,0,,,,
431,63,0,56,0,0,0,0,0,1,0,0,0,0,1,0,,,,
431,64,0,56,0,0,0,0,0,1,0,0,0,0,1,0,,,,
431,65,0,56,0,0,0,0,0,1,0,0,0,0,1,0,,,,
431,66,0,56,0,0,0,0,0,1,0,0,0,0,1,0,,,,
431,67,0,56,0,0,0,0,0,1,0,0,0,0,1,0,,,,
432,43,0,56,0,0,0,0,0,1,0,0,0,0,1,0,,,,
432,44,0,56,0,0,0,0,0,1,0,0,0,0,1,0,,,,
432,45,0,56,0,0,0,0,0,1,0,0,0,0,1,0,,,,
432,46,0,56,0,0,0,0,0,1,0,0,0,0,1,0,,,,
432,47,0,56,0,0,0,0,0,1,0,0,0,0,1,0,,,,
432,48,0,56,0,0,0,0,0,1,0,0,0,0,1,0,,,,
432,49,0,56,0,0,0,0,0,1,0,0,0,0,1,0,,,,
432,50,0,56,0,0,0,0,0,1,0,0,0,0,1,0,,,,
432,51,0,56,0,0,0,0,0,1,0,0,0,0,1,0,,,,
432,52,0,56,0,0,0,0,0,1,0,0,0,0,1,0,,,,
432,53,46,56,0,0,0,0,1,1,0,0,0,0,1,0,,,,
432,54,46,56,0,0,0,0,1,1,0,0,0,0,1,0,,,,
432,55,46,56,0,0,0,0,1,1,0,0,0,0,1,0,,,,
432,56,46,56,0,0,0,0,1,1,0,0,0,0,1,0,,,,
432,57,46,56,0,0,0,0,1,1,0,0,0,0,1,0,,,,
432,58,46,56,0,0,0,0,1,1,0,0,0,0,1,0,,,,
432,59,0,56,0,0,0,0,0,1,0,0,0,0,1,0,,,,
432,60,0,56,0,0,0,0,0,1,0,0,0,0,1,0,,,,
432,61,0,56,0,0,0,0,0,1,0,0,0,0,1,0,,,,
432,62,0,56,0,0,0,0,0,1,0,0,0,0,1,0,,,,
432,63,0,56,0,0,0,0,0,1,0,0,0,0,1,0,,,,
432,64,0,56,0,0,0,0,0,1,0,0,0,0,1,0,,,,
432,65,0,56,0,0,0,0,0,1,0,0,0,0,1,0,,,,
432,66,0,56,0,0,0,0,0,1,0,0,0,0,1,0,,,,
432,67,0,56,0,0,0,0,0,1,0,0,0,0,1,0,,,,
433,43,0,56,0,0,0,0,0,1,0,0,0,0,1,0,,,,
433,44,0,56,0,0,0,0,0,1,0,0,0,0,1,0,,,,
433,45,0,56,0,0,0,0,0,1,0,0,0,0,1,0,,,,
433,46,0,56,0,0,0,0,0,1,0,0,0,0,1,0,,,,
433,47,0,56,0,0,0,0,0,1,0,0,0,0,1,0,,,,
433,48,0,56,0,0,0,0,0,1,0,0,0,0,1,0,,,,
433,49,0,56,0,0,0,0,0,1,0,0,0,0,1,0,,,,
433,50,0,56,0,0,0,0,0,1,0,0,0,0,1,0,,,,
433,51,0,56,0,0,0,0,0,1,0,0,0,0,1,0,,,,
433,52,0,56,0,0,0,0,0,1,0,0,0,0,1,0,,,,
433,53,46,56,0,0,0,0,1,1,0,0,0,0,1,0,,,,
433,54,46,56,0,0,0,0,1,1,0,0,0,0,1,0,,,,
433,55,46,56,0,0,0,0,1,1,0,0,0,0,1,0,,,,
433,56,46,56,0,0,0,0,1,1,0,0,0,0,1,0,,,,
433,57,46,56,0,0,0,0,1,1,0,0,0,0,1,0,,,,
433,58,46,56,0,0,0,0,1,1,0,0,0,0,1,0,,,,
433,59,0,56,0,0,0,0,0,1,0,0,0,0,1,0,,,,
433,60,0,56,0,0,0,0,0,1,0,0,0,0,1,0,,,,
433,61,0,56,0,0,0,0,0,1,0,0,0,0,1,0,,,,
433,62,0,56,0,0,0,0,0,1,0,0,0,0,1,0,,,,
433,63,0,56,0,0,0,0,0,1,0,0,0,0,1,0,,,,
433,64,0,56,0,0,0,0,0,1,0,0,0,0,1,0,,,,
433,65,0,56,0,0,0,0,0,1,0,0,0,0,1,0,,,,
433,66,0,56,0,0,0,0,0,1,0,0,0,0,1,0,,,,
433,67,0,56,0,0,0,0,0,1,0,0,0,0,1,0,,,,
434,43,0,56,0,0,0,0,0,1,0,0,0,0,1,0,,,,
434,44,0,56,0,0,0,0,0,1,0,0,0,0,1,0,,,,
434,45,0,56,0,0,0,0,0,1,0,0,0,0,1,0,,,,
434,46,0,56,0,0,0,0,0,1,0,0,0,0,1,0,,,,
434,47,0,56,0,0,0,0,0,1,0,0,0,0,1,0,,,,
434,48,0,56,0,0,0,0,0,1,0,0,0,0,1,0,,,,
434,49,0,56,0,0,0,0,0,1,0,0,0,0,1,0,,,,
434,50,0,56,0,0,0,0,0,1,0,0,0,0,1,0,,,,
434,51,0,56,0,0,0,0,0,1,0,0,0,0,1,0,,,,
434,52,0,56,0,0,0,0,0,1,0,0,0,0,1,0,,,,
434,53,46,56,0,0,0,0,1,1,0,0,0,0,1,0,,,,
434,54,46,56,0,0,0,0,1,1,0,0,0,0,1,0,,,,
434,55,46,56,0,0,0,0,1,1,0,0,0,0,1,0,,,,
434,56,46,56,0,0,0,0,1,1,0,0,0,0,1,0,,,,
434,57,46,56,0,0,0,0,1,1,0,0,0,0,1,0,,,,
434,58,46,56,0,0,0,0,1,1,0,0,0,0,1,0,,,,
434,59,0,56,0,0,0,0,0,1,0,0,0,0,1,0,,,,
434,60,0,56,0,0,0,0,0,1,0,0,0,0,1,0,,,,
434,61,0,56,0,0,0,0,0,1,0,0,0,0,1,0,,,,
434,62,0,56,0,0,0,0,0,1,0,0,0,0,1,0,,,,
434,63,0,56,0,0,0,0,0,1,0,0,0,0,1,0,,,,
434,64,0,56,0,0,0,0,0,1,0,0,0,0,1,0,,,,
434,65,0,56,0,0,0,0,0,1,0,0,0,0,1,0,,,,
434,66,0,56,0,0,0,0,0,1,0,0,0,0,1,0,,,,
434,67,0,56,0,0,0,0,0,1,0,0,0,0,1,0,,,,
435,43,0,56,0,0,0,0,0,1,0,0,0,0,1,0,,,,
435,44,0,56,0,0,0,0,0,1,0,0,0,0,1,0,,,,
435,45,0,56,0,0,0,0,0,1,0,0,0,0,1,0,,,,
435,46,0,56,0,0,0,0,0,1,0,0,0,0,1,0,,,,
435,47,0,56,0,0,0,0,0,1,0,0,0,0,1,0,,,,
435,48,0,56,0,0,0,0,0,1,0,0,0,0,1,0,,,,
435,49,0,56,0,0,0,0,0,1,0,0,0,0,1,0,,,,
435,50,0,56,0,0,0,0,0,1,0,0,0,0,1,0,,,,
435,51,0,56,0,0,0,0,0,1,0,0,0,0,1,0,,,,
435,52,0,56,0,0,0,0,0,1,0,0,0,0,1,0,,,,
435,53,46,56,0,0,0,0,1,1,0,0,0,0,1,0,,,,
435,54,46,56,0,0,0,0,1,1,0,0,0,0,1,0,,,,
435,55,46,56,0,0,0,0,1,1,0,0,0,0,1,0,,,,
435,56,46,56,0,0,0,0,1,1,0,0,0,0,1,0,,,,
435,57,46,56,0,0,0,0,1,1,0,0,0,0,1,0,,,,
435,58,46,56,0,0,0,0,1,1,0,0,0,0,1,0,,,,
435,59,0,56,0,0,0,0,0,1,0,0,0,0,1,0,,,,
435,60,0,56,0,0,0,0,0,1,0,0,0,0,1,0,,,,
435,61,0,56,0,0,0,0,0,1,0,0,0,0,1,0,,,,
435,62,0,56,0,0,0,0,0,1,0,0,0,0,1,0,,,,
435,63,0,56,0,0,0,0,0,1,0,0,0,0,1,0,,,,
435,64,0,56,0,0,0,0,0,1,0,0,0,0,1,0,,,,
435,65,0,56,0,0,0,0,0,1,0,0,0,0,1,0,,,,
435,66,0,56,0,0,0,0,0,1,0,0,0,0,1,0,,,,
435,67,0,56,0,0,0,0,0,1,0,0,0,0,1,0,,,,
436,43,0,56,0,0,0,0,0,1,0,0,0,0,1,0,,,,
436,44,0,56,0,0,0,0,0,1,0,0,0,0,1,0,,,,
436,45,0,56,0,0,0,0,0,1,0,0,0,0,1,0,,,,
436,46,0,56,0,0,0,0,0,1,0,0,0,0,1,0,,,,
436,47,0,56,0,0,0,0,0,1,0,0,0,0,1,0,,,,
436,48,0,56,0,0,0,0,0,1,0,0,0,0,1,0,,,,
436,49,0,56,0,0,0,0,0,1,0,0,0,0,1,0,,,,
436,50,0,56,0,0,0,0,0,1,0,0,0,0,1,0,,,,
436,51,0,56,0,0,0,0,0,1,0,0,0,0,1,0,,,,
436,52,0,56,0,0,0,0,0,1,0,0,0,0,1,0,,,,
436,53,46,56,0,0,0,0,1,1,0,0,0,0,1,0,,,,
436,54,46,56,0,0,0,0,1,1,0,0,0,0,1,0,,,,
436,55,46,56,0,0,0,0,1,1,0,0,0,0,1,0,,,,
436,56,46,56,0,0,0,0,1,1,0,0,0,0,1,0,,,,
436,57,46,56,0,0,0,0,1,1,0,0,0,0,1,0,,,,
436,58,46,56,0,0,0,0,1,1,0,0,0,0,1,0,,,,
436,59,0,56,0,0,0,0,0,1,0,0,0,0,1,0,,,,
436,60,0,56,0,0,0,0,0,1,0,0,0,0,1,0,,,,
436,61,0,56,0,0,0,0,0,1,0,0,0,0,1,0,,,,
436,62,0,56,0,0,0,0,0,1,0,0,0,0,1,0,,,,
436,63,0,56,0,0,0,0,0,1,0,0,0,0,1,0,,,,
436,64,0,56,0,0,0,0,0,1,0,0,0,0,1,0,,,,
436,65,0,56,0,0,0,0,0,1,0,0,0,0,1,0,,,,
436,66,0,56,0,0,0,0,0,1,0,0,0,0,1,0,,,,
436,67,0,56,0,0,0,0,0,1,0,0,0,0,1,0,,,,
437,43,0,56,0,0,0,0,0,1,0,0,0,0,1,0,,,,
437,44,0,56,0,0,0,0,0,1,0,0,0,0,1,0,,,,
437,45,0,56,0,0,0,0,0,1,0,0,0,0,1,0,,,,
437,46,0,56,0,0,0,0,0,1,0,0,0,0,1,0,,,,
437,47,0,56,0,0,0,0,0,1,0,0,0,0,1,0,,,,
437,48,0,56,0,0,0,0,0,1,0,0,0,0,1,0,,,,
437,49,0,56,0,0,0,0,0,1,0,0,0,0,1,0,,,,
437,50,0,56,0,0,0,0,0,1,0,0,0,0,1,0,,,,
437,51,0,56,0,0,0,0,0,1,0,0,0,0,1,0,,,,
437,52,0,56,0,0,0,0,0,1,0,0,0,0,1,0,,,,
437,53,46,56,0,0,0,0,1,1,0,0,0,0,1,0,,,,
437,54,46,56,0,0,0,0,1,1,0,0,0,0,1,0,,,,
437,55,46,56,0,0,0,0,1,1,0,0,0,0,1,0,,,,
437,56,46,56,0,0,0,0,1,1,0,0,0,0,1,0,,,,
437,57,46,56,0,0,0,0,1,1,0,0,0,0,1,0,,,,
437,58,46,56,0,0,0,0,1,1,0,0,0,0,1,0,,,,
437,59,0,56,0,0,0,0,0,1,0,0,0,0,1,0,,,,
437,60,0,56,0,0,0,0,0,1,0,0,0,0,1,0,,,,
437,61,0,56,0,0,0,0,0,1,0,0,0,0,1,0,,,,
437,62,0,56,0,0,0,0,0,1,0,0,0,0,1,0,,,,
437,63,0,56,0,0,0,0,0,1,0,0,0,0,1,0,,,,
437,64,0,56,0,0,0,0,0,1,0,0,0,0,1,0,,,,
437,65,0,56,0,0,0,0,0,1,0,0,0,0,1,0,,,,
437,66,0,56,0,0,0,0,0,1,0,0,0,0,1,0,,,,
437,67,0,56,0,0,0,0,0,1,0,0,0,0,1,0,,,,
438,43,0,56,0,0,0,0,0,1,0,0,0,0,1,0,,,,
438,44,0,56,0,0,0,0,0,1,0,0,0,0,1,0,,,,
438,45,0,56,0,0,0,0,0,1,0,0,0,0,1,0,,,,
438,46,0,56,0,0,0,0,0,1,0,0,0,0,1,0,,,,
438,47,0,56,0,0,0,0,0,1,0,0,0,0,1,0,,,,
438,48,0,56,0,0,0,0,0,1,0,0,0,0,1,0,,,,
438,49,0,56,0,0,0,0,0,1,0,0,0,0,1,0,,,,
438,50,0,56,0,0,0,0,0,1,0,0,0,0,1,0,,,,
438,51,0,56,0,0,0,0,0,1,0,0,0,0,1,0,,,,
438,52,0,56,0,0,0,0,0,1,0,0,0,0,1,0,,,,
438,53,46,56,0,0,0,0,1,1,0,0,0,0,1,0,,,,
438,54,46,56,0,0,0,0,1,1,0,0,0,0,1,0,,,,
438,55,46,56,0,0,0,0,1,1,0,0,0,0,1,0,,,,
438,56,46,56,0,0,0,0,1,1,0,0,0,0,1,0,,,,
438,57,46,56,0,0,0,0,1,1,0,0,0,0,1,0,,,,
438,58,46,56,0,0,0,0,1,1,0,0,0,0,1,0,,,,
438,59,0,56,0,0,0,0,0,1,0,0,0,0,1,0,,,,
438,60,0,56,0,0,0,0,0,1,0,0,0,0,1,0,,,,
438,61,0,56,0,0,0,0,0,1,0,0,0,0,1,0,,,,
438,62,0,56,0,0,0,0,0,1,0,0,0,0,1,0,,,,
438,63,0,56,0,0,0,0,0,1,0,0,0,0,1,0,,,,
438,64,0,56,0,0,0,0,0,1,0,0,0,0,1,0,,,,
438,65,0,56,0,0,0,0,0,1,0,0,0,0,1,0,,,,
438,66,0,56,0,0,0,0,0,1,0,0,0,0,1,0,,,,
438,67,0,56,0,0,0,0,0,1,0,0,0,0,1,0,,,,
439,43,0,56,0,0,0,0,0,1,0,0,0,0,1,0,,,,
439,44,0,56,0,0,0,0,0,1,0,0,0,0,1,0,,,,
439,45,0,56,0,0,0,0,0,1,0,0,0,0,1,0,,,,
439,46,0,56,0,0,0,0,0,1,0,0,0,0,1,0,,,,
439,47,0,56,0,0,0,0,0,1,0,0,0,0,1,0,,,,
439,48,0,56,0,0,0,0,0,1,0,0,0,0,1,0,,,,
439,49,0,56,0,0,0,0,0,1,0,0,0,0,1,0,,,,
439,50,0,56,0,0,0,0,0,1,0,0,0,0,1,0,,,,
439,51,0,56,0,0,0,0,0,1,0,0,0,0,1,0,,,,
439,52,0,56,0,0,0,0,0,1,0,0,0,0,1,0,,,,
439,53,46,56,0,0,0,0,1,1,0,0,0,0,1,0,,,,
439,54,46,56,0,0,0,0,1,1,0,0,0,0,1,0,,,,
439,55,46,56,0,0,0,0,1,1,0,0,0,0,1,0,,,,
439,56,46,56,0,0,0,0,1,1,0,0,0,0,1,0,,,,
439,57,46,56,0,0,0,0,1,1,0,0,0,0,1,0,,,,
439,58,46,56,0,0,0,0,1,1,0,0,0,0,1,0,,,,
439,59,0,56,0,0,0,0,0,1,0,0,0,0,1,0,,,,
439,60,0,56,0,0,0,0,0,1,0,0,0,0,1,0,,,,
439,61,0,56,0,0,0,0,0,1,0,0,0,0,1,0,,,,
439,62,0,56,0,0,0,0,0,1,0,0,0,0,1,0,,,,
439,63,0,56,0,0,0,0,0,1,0,0,0,0,1,0,,,,
439,64,0,56,0,0,0,0,0,1,0,0,0,0,1,0,,,,
439,65,0,56,0,0,0,0,0,1,0,0,0,0,1,0,,,,
439,66,0,56,0,0,0,0,0,1,0,0,0,0,1,0,,,,
439,67,0,56,0,0,0,0,0,1,0,0,0,0,1,0,,,,
440,43,0,56,0,0,0,0,0,1,0,0,0,0,1,0,,,,
440,44,0,56,0,0,0,0,0,1,0,0,0,0,1,0,,,,
440,45,0,56,0,0,0,0,0,1,0,0,0,0,1,0,,,,
440,46,0,56,0,0,0,0,0,1,0,0,0,0,1,0,,,,
440,47,0,56,0,0,0,0,0,1,0,0,0,0,1,0,,,,
440,48,0,56,0,0,0,0,0,1,0,0,0,0,1,0,,,,
440,49,0,56,0,0,0,0,0,1,0,0,0,0,1,0,,,,
440,50,0,56,0,0,0,0,0,1,0,0,0,0,1,0,,,,
440,51,0,56,0,0,0,0,0,1,0,0,0,0,1,0,,,,
440,52,0,56,0,0,0,0,0,1,0,0,0,0,1,0,,,,
440,53,46,56,0,0,0,0,1,1,0,0,0,0,1,0,,,,
440,54,46,56,0,0,0,0,1,1,0,0,0,0,1,0,,,,
440,55,46,56,0,0,0,0,1,1,0,0,0,0,1,0,,,,
440,56,46,56,0,0,0,0,1,1,0,0,0,0,1,0,,,,
440,57,46,56,0,0,0,0,1,1,0,0,0,0,1,0,,,,
440,58,46,56,0,0,0,0,1,1,0,0,0,0,1,0,,,,
440,59,0,56,0,0,0,0,0,1,0,0,0,0,1,0,,,,
440,60,0,56,0,0,0,0,0,1,0,0,0,0,1,0,,,,
440,61,0,56,0,0,0,0,0,1,0,0,0,0,1,0,,,,
440,62,0,56,0,0,0,0,0,1,0,0,0,0,1,0,,,,
440,63,0,56,0,0,0,0,0,1,0,0,0,0,1,0,,,,
440,64,0,56,0,0,0,0,0,1,0,0,0,0,1,0,,,,
440,65,0,56,0,0,0,0,0,1,0,0,0,0,1,0,,,,
440,66,0,56,0,0,0,0,0,1,0,0,0,0,1,0,,,,
440,67,0,56,0,0,0,0,0,1,0,0,0,0,1,0,,,,
441,43,0,56,0,0,0,0,0,1,0,0,0,0,1,0,,,,
441,44,0,56,0,0,0,0,0,1,0,0,0,0,1,0,,,,
441,45,0,56,0,0,0,0,0,1,0,0,0,0,1,0,,,,
441,46,0,56,0,0,0,0,0,1,0,0,0,0,1,0,,,,
441,47,0,56,0,0,0,0,0,1,0,0,0,0,1,0,,,,
441,48,0,56,0,0,0,0,0,1,0,0,0,0,1,0,,,,
441,49,0,56,0,0,0,0,0,1,0,0,0,0,1,0,,,,
441,50,0,56,0,0,0,0,0,1,0,0,0,0,1,0,,,,
441,51,0,56,0,0,0,0,0,1,0,0,0,0,1,0,,,,
441,52,0,56,0,0,0,0,0,1,0,0,0,0,1,0,,,,
441,53,0,56,0,0,0,0,0,1,0,0,0,0,1,0,,,,
441,54,0,56,0,0,0,0,0,1,0,0,0,0,1,0,,,,
441,55,0,56,0,0,0,0,0,1,0,0,0,0,1,0,,,,
441,56,0,56,0,0,0,0,0,1,0,0,0,0,1,0,,,,
441,57,0,56,0,0,0,0,0,1,0,0,0,0,1,0,,,,
441,58,0,56,0,0,0,0,0,1,0,0,0,0,1,0,,,,
441,59,0,56,0,0,0,0,0,1,0,0,0,0,1,0,,,,
441,60,0,56,0,0,0,0,0,1,0,0,0,0,1,0,,,,
441,61,0,56,0,0,0,0,0,1,0,0,0,0,1,0,,,,
441,62,0,56,0,0,0,0,0,1,0,0,0,0,1,0,,,,
441,63,0,56,0,0,0,0,0,1,0,0,0,0,1,0,,,,
441,64,0,56,0,0,0,0,0,1,0,0,0,0,1,0,,,,
441,65,0,56,0,0,0,0,0,1,0,0,0,0,1,0,,,,
441,66,0,56,0,0,0,0,0,1,0,0,0,0,1,0,,,,
441,67,0,56,0,0,0,0,0,1,0,0,0,0,1,0,,,,
442,43,0,56,0,0,0,0,0,1,0,0,0,0,1,0,,,,
442,44,0,56,0,0,0,0,0,1,0,0,0,0,1,0,,,,
442,45,0,56,0,0,0,0,0,1,0,0,0,0,1,0,,,,
442,46,0,56,0,0,0,0,0,1,0,0,0,0,1,0,,,,
442,47,0,56,0,0,0,0,0,1,0,0,0,0,1,0,,,,
442,48,0,56,0,0,0,0,0,1,0,0,0,0,1,0,,,,
442,49,0,56,0,0,0,0,0,1,0,0,0,0,1,0,,,,
442,50,0,56,0,0,0,0,0,1,0,0,0,0,1,0,,,,
442,51,0,56,0,0,0,0,0,1,0,0,0,0,1,0,,,,
442,52,0,56,0,0,0,0,0,1,0,0,0,0,1,0,,,,
442,53,0,56,0,0,0,0,0,1,0,0,0,0,1,0,,,,
442,54,0,56,0,0,0,0,0,1,0,0,0,0,1,0,,,,
442,55,0,56,0,0,0,0,0,1,0,0,0,0,1,0,,,,
442,56,0,56,0,0,0,0,0,1,0,0,0,0,1,0,,,,
442,57,0,56,0,0,0,0,0,1,0,0,0,0,1,0,,,,
442,58,0,56,0,0,0,0,0,1,0,0,0,0,1,0,,,,
442,59,0,56,0,0,0,0,0,1,0,0,0,0,1,0,,,,
442,60,0,56,0,0,0,0,0,1,0,0,0,0,1,0,,,,
442,61,0,56,0,0,0,0,0,1,0,0,0,0,1,0,,,,
442,62,0,56,0,0,0,0,0,1,0,0,0,0,1,0,,,,
442,63,0,56,0,0,0,0,0,1,0,0,0,0,1,0,,,,
442,64,0,56,0,0,0,0,0,1,0,0,0,0,1,0,,,,
442,65,0,56,0,0,0,0,0,1,0,0,0,0,1,0,,,,
442,66,0,56,0,0,0,0,0,1,0,0,0,0,1,0,,,,
442,67,0,56,0,0,0,0,0,1,0,0,0,0,1,0,,,,
443,43,0,56,0,0,0,0,0,1,0,0,0,0,1,0,,,,
443,44,0,56,0,0,0,0,0,1,0,0,0,0,1,0,,,,
443,45,0,56,0,0,0,0,0,1,0,0,0,0,1,0,,,,
443,46,0,56,0,0,0,0,0,1,0,0,0,0,1,0,,,,
443,47,0,56,0,0,0,0,0,1,0,0,0,0,1,0,,,,
443,48,0,56,0,0,0,0,0,1,0,0,0,0,1,0,,,,
443,49,0,56,0,0,0,0,0,1,0,0,0,0,1,0,,,,
443,50,0,56,0,0,0,0,0,1,0,0,0,0,1,0,,,,
443,51,0,56,0,0,0,0,0,1,0,0,0,0,1,0,,,,
443,52,0,56,0,0,0,0,0,1,0,0,0,0,1,0,,,,
443,53,0,56,0,0,0,0,0,1,0,0,0,0,1,0,,,,
443,54,0,56,0,0,0,0,0,1,0,0,0,0,1,0,,,,
443,55,0,56,0,0,0,0,0,1,0,0,0,0,1,0,,,,
443,56,0,56,0,0,0,0,0,1,0,0,0,0,1,0,,,,
443,57,0,56,0,0,0,0,0,1,0,0,0,0,1,0,,,,
443,58,0,56,0,0,0,0,0,1,0,0,0,0,1,0,,,,
443,59,0,56,0,0,0,0,0,1,0,0,0,0,1,0,,,,
443,60,0,56,0,0,0,0,0,1,0,0,0,0,1,0,,,,
443,61,0,56,0,0,0,0,0,1,0,0,0,0,1,0,,,,
443,62,0,56,0,0,0,0,0,1,0,0,0,0,1,0,,,,
443,63,0,56,0,0,0,0,0,1,0,0,0,0,1,0,,,,
443,64,0,56,0,0,0,0,0,1,0,0,0,0,1,0,,,,
443,65,0,56,0,0,0,0,0,1,0,0,0,0,1,0,,,,
443,66,0,56,0,0,0,0,0,1,0,0,0,0,1,0,,,,
443,67,0,56,0,0,0,0,0,1,0,0,0,0,1,0,,,,
444,43,0,56,0,0,0,0,0,1,0,0,0,0,1,0,,,,
444,44,0,56,0,0,0,0,0,1,0,0,0,0,1,0,,,,
444,45,0,56,0,0,0,0,0,1,0,0,0,0,1,0,,,,
444,46,0,56,0,0,0,0,0,1,0,0,0,0,1,0,,,,
444,47,0,56,0,0,0,0,0,1,0,0,0,0,1,0,,,,
444,48,0,56,0,0,0,0,0,1,0,0,0,0,1,0,,,,
444,49,0,56,0,0,0,0,0,1,0,0,0,0,1,0,,,,
444,50,0,56,0,0,0,0,0,1,0,0,0,0,1,0,,,,
444,51,0,56,0,0,0,0,0,1,0,0,0,0,1,0,,,,
444,52,0,56,0,0,0,0,0,1,0,0,0,0,1,0,,,,
444,53,0,56,0,0,0,0,0,1,0,0,0,0,1,0,,,,
444,54,0,56,0,0,0,0,0,1,0,0,0,0,1,0,,,,
444,55,0,56,0,0,0,0,0,1,0,0,0,0,1,0,,,,
444,56,0,56,0,0,0,0,0,1,0,0,0,0,1,0,,,,
444,57,0,56,0,0,0,0,0,1,0,0,0,0,1,0,,,,
444,58,0,56,0,0,0,0,0,1,0,0,0,0,1,0,,,,
444,59,0,56,0,0,0,0,0,1,0,0,0,0,1,0,,,,
444,60,0,56,0,0,0,0,0,1,0,0,0,0,1,0,,,,
444,61,0,56,0,0,0,0,0,1,0,0,0,0,1,0,,,,
444,62,0,56,0,0,0,0,0,1,0,0,0,0,1,0,,,,
444,63,0,56,0,0,0,0,0,1,0,0,0,0,1,0,,,,
444,64,0,56,0,0,0,0,0,1,0,0,0,0,1,0,,,,
444,65,0,56,0,0,0,0,0,1,0,0,0,0,1,0,,,,
444,66,0,56,0,0,0,0,0,1,0,0,0,0,1,0,,,,
444,67,0,56,0,0,0,0,0,1,0,0,0,0,1,0,,,,
445,43,0,56,0,0,0,0,0,1,0,0,0,0,1,0,,,,
445,44,0,56,0,0,0,0,0,1,0,0,0,0,1,0,,,,
445,45,0,56,0,0,0,0,0,1,0,0,0,0,1,0,,,,
445,46,0,56,0,0,0,0,0,1,0,0,0,0,1,0,,,,
445,47,0,56,0,0,0,0,0,1,0,0,0,0,1,0,,,,
445,48,0,56,0,0,0,0,0,1,0,0,0,0,1,0,,,,
445,49,0,56,0,0,0,0,0,1,0,0,0,0,1,0,,,,
445,50,0,56,0,0,0,0,0,1,0,0,0,0,1,0,,,,
445,51,0,56,0,0,0,0,0,1,0,0,0,0,1,0,,,,
445,52,0,56,0,0,0,0,0,1,0,0,0,0,1,0,,,,
445,53,0,56,0,0,0,0,0,1,0,0,0,0,1,0,,,,
445,54,0,56,0,0,0,0,0,1,0,0,0,0,1,0,,,,
445,55,0,56,0,0,0,0,0,1,0,0,0,0,1,0,,,,
445,56,0,56,0,0,0,0,0,1,0,0,0,0,1,0,,,,
445,57,0,56,0,0,0,0,0,1,0,0,0,0,1,0,,,,
445,58,0,56,0,0,0,0,0,1,0,0,0,0,1,0,,,,
445,59,0,56,0,0,0,0,0,1,0,0,0,0,1,0,,,,
445,60,0,56,0,0,0,0,0,1,0,0,0,0,1,0,,,,
445,61,0,56,0,0,0,0,0,1,0,0,0,0,1,0,,,,
445,62,0,56,0,0,0,0,0,1,0,0,0,0,1,0,,,,
445,63,0,56,0,0,0,0,0,1,0,0,0,0,1,0,,,,
445,64,0,56,0,0,0,0,0,1,0,0,0,0,1,0,,,,
445,65,0,56,0,0,0,0,0,1,0,0,0,0,1,0,,,,
445,66,0,56,0,0,0,0,0,1,0,0,0,0,1,0,,,,
445,67,0,56,0,0,0,0,0,1,0,0,0,0,1,0,,,,
446,43,0,56,0,0,0,0,0,1,0,0,0,0,1,0,,,,
446,44,0,56,0,0,0,0,0,1,0,0,0,0,1,0,,,,
446,45,0,56,0,0,0,0,0,1,0,0,0,0,1,0,,,,
446,46,0,56,0,0,0,0,0,1,0,0,0,0,1,0,,,,
446,47,0,56,0,0,0,0,0,1,0,0,0,0,1,0,,,,
446,48,0,56,0,0,0,0,0,1,0,0,0,0,1,0,,,,
446,49,0,56,0,0,0,0,0,1,0,0,0,0,1,0,,,,
446,50,0,56,0,0,0,0,0,1,0,0,0,0,1,0,,,,
446,51,0,56,0,0,0,0,0,1,0,0,0,0,1,0,,,,
446,52,0,56,0,0,0,0,0,1,0,0,0,0,1,0,,,,
446,53,0,56,0,0,0,0,0,1,0,0,0,0,1,0,,,,
446,54,0,56,0,0,0,0,0,1,0,0,0,0,1,0,,,,
446,55,0,56,0,0,0,0,0,1,0,0,0,0,1,0,,,,
446,56,0,56,0,0,0,0,0,1,0,0,0,0,1,0,,,,
446,57,0,56,0,0,0,0,0,1,0,0,0,0,1,0,,,,
446,58,0,56,0,0,0,0,0,1,0,0,0,0,1,0,,,,
446,59,0,56,0,0,0,0,0,1,0,0,0,0,1,0,,,,
446,60,0,56,0,0,0,0,0,1,0,0,0,0,1,0,,,,
446,61,0,56,0,0,0,0,0,1,0,0,0,0,1,0,,,,
446,62,0,56,0,0,0,0,0,1,0,0,0,0,1,0,,,,
446,63,0,56,0,0,0,0,0,1,0,0,0,0,1,0,,,,
446,64,0,56,0,0,0,0,0,1,0,0,0,0,1,0,,,,
446,65,0,56,0,0,0,0,0,1,0,0,0,0,1,0,,,,
446,66,0,56,0,0,0,0,0,1,0,0,0,0,1,0,,,,
446,67,0,56,0,0,0,0,0,1,0,0,0,0,1,0,,,,
447,43,0,56,0,0,0,0,0,1,0,0,0,0,1,0,,,,
447,44,0,56,0,0,0,0,0,1,0,0,0,0,1,0,,,,
447,45,0,56,0,0,0,0,0,1,0,0,0,0,1,0,,,,
447,46,0,56,0,0,0,0,0,1,0,0,0,0,1,0,,,,
447,47,0,56,0,0,0,0,0,1,0,0,0,0,1,0,,,,
447,48,0,56,0,0,0,0,0,1,0,0,0,0,1,0,,,,
447,49,0,56,0,0,0,0,0,1,0,0,0,0,1,0,,,,
447,50,0,56,0,0,0,0,0,1,0,0,0,0,1,0,,,,
447,51,0,56,0,0,0,0,0,1,0,0,0,0,1,0,,,,
447,52,0,56,0,0,0,0,0,1,0,0,0,0,1,0,,,,
447,53,0,56,0,0,0,0,0,1,0,0,0,0,1,0,,,,
447,54,0,56,0,0,0,0,0,1,0,0,0,0,1,0,,,,
447,55,0,56,0,0,0,0,0,1,0,0,0,0,1,0,,,,
447,56,0,56,0,0,0,0,0,1,0,0,0,0,1,0,,,,
447,57,0,56,0,0,0,0,0,1,0,0,0,0,1,0,,,,
447,58,0,56,0,0,0,0,0,1,0,0,0,0,1,0,,,,
447,59,0,56,0,0,0,0,0,1,0,0,0,0,1,0,,,,
447,60,0,56,0,0,0,0,0,1,0,0,0,0,1,0,,,,
447,61,0,56,0,0,0,0,0,1,0,0,0,0,1,0,,,,
447,62,0,56,0,0,0,0,0,1,0,0,0,0,1,0,,,,
447,63,0,56,0,0,0,0,0,1,0,0,0,0,1,0,,,,
447,64,0,56,0,0,0,0,0,1,0,0,0,0,1,0,,,,
447,65,0,56,0,0,0,0,0,1,0,0,0,0,1,0,,,,
447,66,0,56,0,0,0,0,0,1,0,0,0,0,1,0,,,,
447,67,0,56,0,0,0,0,0,1,0,0,0,0,1,0,,,,
448,43,0,56,0,0,0,0,0,1,0,0,0,0,1,0,,,,
448,44,0,56,0,0,0,0,0,1,0,0,0,0,1,0,,,,
448,45,0,56,0,0,0,0,0,1,0,0,0,0,1,0,,,,
448,46,0,56,0,0,0,0,0,1,0,0,0,0,1,0,,,,
448,47,0,56,0,0,0,0,0,1,0,0,0,0,1,0,,,,
448,48,0,56,0,0,0,0,0,1,0,0,0,0,1,0,,,,
448,49,0,56,0,0,0,0,0,1,0,0,0,0,1,0,,,,
448,50,0,56,0,0,0,0,0,1,0,0,0,0,1,0,,,,
448,51,0,56,0,0,0,0,0,1,0,0,0,0,1,0,,,,
448,52,0,56,0,0,0,0,0,1,0,0,0,0,1,0,,,,
448,53,0,56,0,0,0,0,0,1,0,0,0,0,1,0,,,,
448,54,0,56,0,0,0,0,0,1,0,0,0,0,1,0,,,,
448,55,0,56,0,0,0,0,0,1,0,0,0,0,1,0,,,,
448,56,0,56,0,0,0,0,0,1,0,0,0,0,1,0,,,,
448,57,0,56,0,0,0,0,0,1,0,0,0,0,1,0,,,,
448,58,0,56,0,0,0,0,0,1,0,0,0,0,1,0,,,,
448,59,0,56,0,0,0,0,0,1,0,0,0,0,1,0,,,,
448,60,0,56,0,0,0,0,0,1,0,0,0,0,1,0,,,,
448,61,0,56,0,0,0,0,0,1,0,0,0,0,1,0,,,,
448,62,0,56,0,0,0,0,0,1,0,0,0,0,1,0,,,,
448,63,0,56,0,0,0,0,0,1,0,0,0,0,1,0,,,,
448,64,0,56,0,0,0,0,0,1,0,0,0,0,1,0,,,,
448,65,0,56,0,0,0,0,0,1,0,0,0,0,1,0,,,,
448,66,0,56,0,0,0,0,0,1,0,0,0,0,1,0,,,,
448,67,0,56,0,0,0,0,0,1,0,0,0,0,1,0,,,,
449,43,0,56,0,0,0,0,0,1,0,0,0,0,1,0,,,,
449,44,0,56,0,0,0,0,0,1,0,0,0,0,1,0,,,,
449,45,0,56,0,0,0,0,0,1,0,0,0,0,1,0,,,,
449,46,0,56,0,0,0,0,0,1,0,0,0,0,1,0,,,,
449,47,0,56,0,0,0,0,0,1,0,0,0,0,1,0,,,,
449,48,0,56,0,0,0,0,0,1,0,0,0,0,1,0,,,,
449,49,0,56,0,0,0,0,0,1,0,0,0,0,1,0,,,,
449,50,0,56,0,0,0,0,0,1,0,0,0,0,1,0,,,,
449,51,0,56,0,0,0,0,0,1,0,0,0,0,1,0,,,,
449,52,0,56,0,0,0,0,0,1,0,0,0,0,1,0,,,,
449,53,0,56,0,0,0,0,0,1,0,0,0,0,1,0,,,,
449,54,0,56,0,0,0,0,0,1,0,0,0,0,1,0,,,,
449,55,0,56,0,0,0,0,0,1,0,0,0,0,1,0,,,,
449,56,0,56,0,0,0,0,0,1,0,0,0,0,1,0,,,,
449,57,0,56,0,0,0,0,0,1,0,0,0,0,1,0,,,,
449,58,0,56,0,0,0,0,0,1,0,0,0,0,1,0,,,,
449,59,0,56,0,0,0,0,0,1,0,0,0,0,1,0,,,,
449,60,0,56,0,0,0,0,0,1,0,0,0,0,1,0,,,,
449,61,0,56,0,0,0,0,0,1,0,0,0,0,1,0,,,,
449,62,0,56,0,0,0,0,0,1,0,0,0,0,1,0,,,,
449,63,0,56,0,0,0,0,0,1,0,0,0,0,1,0,,,,
449,64,0,56,0,0,0,0,0,1,0,0,0,0,1,0,,,,
449,65,0,56,0,0,0,0,0,1,0,0,0,0,1,0,,,,
449,66,0,56,0,0,0,0,0,1,0,0,0,0,1,0,,,,
449,67,0,56,0,0,0,0,0,1,0,0,0,0,1,0,,,,
450,43,0,56,0,0,0,0,0,1,0,0,0,0,1,0,,,,
450,44,0,56,0,0,0,0,0,1,0,0,0,0,1,0,,,,
450,45,0,56,0,0,0,0,0,1,0,0,0,0,1,0,,,,
450,46,0,56,0,0,0,0,0,1,0,0,0,0,1,0,,,,
450,47,0,56,0,0,0,0,0,1,0,0,0,0,1,0,,,,
450,48,0,56,0,0,0,0,0,1,0,0,0,0,1,0,,,,
450,49,0,56,0,0,0,0,0,1,0,0,0,0,1,0,,,,
450,50,0,56,0,0,0,0,0,1,0,0,0,0,1,0,,,,
450,51,0,56,0,0,0,0,0,1,0,0,0,0,1,0,,,,
450,52,0,56,0,0,0,0,0,1,0,0,0,0,1,0,,,,
450,53,0,56,0,0,0,0,0,1,0,0,0,0,1,0,,,,
450,54,0,56,0,0,0,0,0,1,0,0,0,0,1,0,,,,
450,55,0,56,0,0,0,0,0,1,0,0,0,0,1,0,,,,
450,56,0,56,0,0,0,0,0,1,0,0,0,0,1,0,,,,
450,57,0,56,0,0,0,0,0,1,0,0,0,0,1,0,,,,
450,58,0,56,0,0,0,0,0,1,0,0,0,0,1,0,,,,
450,59,0,56,0,0,0,0,0,1,0,0,0,0,1,0,,,,
450,60,0,56,0,0,0,0,0,1,0,0,0,0,1,0,,,,
450,61,0,56,0,0,0,0,0,1,0,0,0,0,1,0,,,,
450,62,0,56,0,0,0,0,0,1,0,0,0,0,1,0,,,,
450,63,0,56,0,0,0,0,0,1,0,0,0,0,1,0,,,,
450,64,0,56,0,0,0,0,0,1,0,0,0,0,1,0,,,,
450,65,0,56,0,0,0,0,0,1,0,0,0,0,1,0,,,,
450,66,0,56,0,0,0,0,0,1,0,0,0,0,1,0,,,,
450,67,0,56,0,0,0,0,0,1,0,0,0,0,1,0,,,,
451,43,0,56,0,0,0,0,0,1,0,0,0,0,1,0,,,,
451,44,0,56,0,0,0,0,0,1,0,0,0,0,1,0,,,,
451,45,0,56,0,0,0,0,0,1,0,0,0,0,1,0,,,,
451,46,0,56,0,0,0,0,0,1,0,0,0,0,1,0,,,,
451,47,0,56,0,0,0,0,0,1,0,0,0,0,1,0,,,,
451,48,0,56,0,0,0,0,0,1,0,0,0,0,1,0,,,,
451,49,0,56,0,0,0,0,0,1,0,0,0,0,1,0,,,,
451,50,0,56,0,0,0,0,0,1,0,0,0,0,1,0,,,,
451,51,0,56,0,0,0,0,0,1,0,0,0,0,1,0,,,,
451,52,0,56,0,0,0,0,0,1,0,0,0,0,1,0,,,,
451,53,0,56,0,0,0,0,0,1,0,0,0,0,1,0,,,,
451,54,0,56,0,0,0,0,0,1,0,0,0,0,1,0,,,,
451,55,0,56,0,0,0,0,0,1,0,0,0,0,1,0,,,,
451,56,0,56,0,0,0,0,0,1,0,0,0,0,1,0,,,,
451,57,0,56,0,0,0,0,0,1,0,0,0,0,1,0,,,,
451,58,0,56,0,0,0,0,0,1,0,0,0,0,1,0,,,,
451,59,0,56,0,0,0,0,0,1,0,0,0,0,1,0,,,,
451,60,0,56,0,0,0,0,0,1,0,0,0,0,1,0,,,,
451,61,0,56,0,0,0,0,0,1,0,0,0,0,1,0,,,,
451,62,0,56,0,0,0,0,0,1,0,0,0,0,1,0,,,,
451,63,0,56,0,0,0,0,0,1,0,0,0,0,1,0,,,,
451,64,0,56,0,0,0,0,0,1,0,0,0,0,1,0,,,,
451,65,0,56,0,0,0,0,0,1,0,0,0,0,1,0,,,,
451,66,0,56,0,0,0,0,0,1,0,0,0,0,1,0,,,,
451,67,0,56,0,0,0,0,0,1,0,0,0,0,1,0,,,,
452,43,0,56,0,0,0,0,0,1,0,0,0,0,1,0,,,,
452,44,0,56,0,0,0,0,0,1,0,0,0,0,1,0,,,,
452,45,0,56,0,0,0,0,0,1,0,0,0,0,1,0,,,,
452,46,0,56,0,0,0,0,0,1,0,0,0,0,1,0,,,,
452,47,0,56,0,0,0,0,0,1,0,0,0,0,1,0,,,,
452,48,0,56,0,0,0,0,0,1,0,0,0,0,1,0,,,,
452,49,0,56,0,0,0,0,0,1,0,0,0,0,1,0,,,,
452,50,0,56,0,0,0,0,0,1,0,0,0,0,1,0,,,,
452,51,0,56,0,0,0,0,0,1,0,0,0,0,1,0,,,,
452,52,0,56,0,0,0,0,0,1,0,0,0,0,1,0,,,,
452,53,0,56,0,0,0,0,0,1,0,0,0,0,1,0,,,,
452,54,0,56,0,0,0,0,0,1,0,0,0,0,1,0,,,,
452,55,0,56,0,0,0,0,0,1,0,0,0,0,1,0,,,,
452,56,0,56,0,0,0,0,0,1,0,0,0,0,1,0,,,,
452,57,0,56,0,0,0,0,0,1,0,0,0,0,1,0,,,,
452,58,0,56,0,0,0,0,0,1,0,0,0,0,1,0,,,,
452,59,0,56,0,0,0,0,0,1,0,0,0,0,1,0,,,,
452,60,0,56,0,0,0,0,0,1,0,0,0,0,1,0,,,,
452,61,0,56,0,0,0,0,0,1,0,0,0,0,1,0,,,,
452,62,0,56,0,0,0,0,0,1,0,0,0,0,1,0,,,,
452,63,0,56,0,0,0,0,0,1,0,0,0,0,1,0,,,,
452,64,0,56,0,0,0,0,0,1,0,0,0,0,1,0,,,,
452,65,0,56,0,0,0,0,0,1,0,0,0,0,1,0,,,,
452,66,0,56,0,0,0,0,0,1,0,0,0,0,1,0,,,,
452,67,0,56,0,0,0,0,0,1,0,0,0,0,1,0,,,,
453,43,0,56,0,0,0,0,0,1,0,0,0,0,1,0,,,,
453,44,0,56,0,0,0,0,0,1,0,0,0,0,1,0,,,,
453,45,0,56,0,0,0,0,0,1,0,0,0,0,1,0,,,,
453,46,0,56,0,0,0,0,0,1,0,0,0,0,1,0,,,,
453,47,0,56,0,0,0,0,0,1,0,0,0,0,1,0,,,,
453,48,0,56,0,0,0,0,0,1,0,0,0,0,1,0,,,,
453,49,0,56,0,0,0,0,0,1,0,0,0,0,1,0,,,,
453,50,0,56,0,0,0,0,0,1,0,0,0,0,1,0,,,,
453,51,0,56,0,0,0,0,0,1,0,0,0,0,1,0,,,,
453,52,0,56,0,0,0,0,0,1,0,0,0,0,1,0,,,,
453,53,0,56,0,0,0,0,0,1,0,0,0,0,1,0,,,,
453,54,0,56,0,0,0,0,0,1,0,0,0,0,1,0,,,,
453,55,0,56,0,0,0,0,0,1,0,0,0,0,1,0,,,,
453,56,0,56,0,0,0,0,0,1,0,0,0,0,1,0,,,,
453,57,0,56,0,0,0,0,0,1,0,0,0,0,1,0,,,,
453,58,0,56,0,0,0,0,0,1,0,0,0,0,1,0,,,,
453,59,0,56,0,0,0,0,0,1,0,0,0,0,1,0,,,,
453,60,0,56,0,0,0,0,0,1,0,0,0,0,1,0,,,,
453,61,0,56,0,0,0,0,0,1,0,0,0,0,1,0,,,,
453,62,0,56,0,0,0,0,0,1,0,0,0,0,1,0,,,,
453,63,0,56,0,0,0,0,0,1,0,0,0,0,1,0,,,,
453,64,0,56,0,0,0,0,0,1,0,0,0,0,1,0,,,,
453,65,0,56,0,0,0,0,0,1,0,0,0,0,1,0,,,,
453,66,0,56,0,0,0,0,0,1,0,0,0,0,1,0,,,,
453,67,0,56,0,0,0,0,0,1,0,0,0,0,1,0,,,,
454,43,0,56,0,0,0,0,0,1,0,0,0,0,1,0,,,,
454,44,0,56,0,0,0,0,0,1,0,0,0,0,1,0,,,,
454,45,0,56,0,0,0,0,0,1,0,0,0,0,1,0,,,,
454,46,0,56,0,0,0,0,0,1,0,0,0,0,1,0,,,,
454,47,0,56,0,0,0,0,0,1,0,0,0,0,1,0,,,,
454,48,0,56,0,0,0,0,0,1,0,0,0,0,1,0,,,,
454,49,0,56,0,0,0,0,0,1,0,0,0,0,1,0,,,,
454,50,0,56,0,0,0,0,0,1,0,0,0,0,1,0,,,,
454,51,0,56,0,0,0,0,0,1,0,0,0,0,1,0,,,,
454,52,0,56,0,0,0,0,0,1,0,0,0,0,1,0,,,,
454,53,0,56,0,0,0,0,0,1,0,0,0,0,1,0,,,,
454,54,0,56,0,0,0,0,0,1,0,0,0,0,1,0,,,,
454,55,0,56,0,0,0,0,0,1,0,0,0,0,1,0,,,,
454,56,0,56,0,0,0,0,0,1,0,0,0,0,1,0,,,,
454,57,0,56,0,0,0,0,0,1,0,0,0,0,1,0,,,,
454,58,0,56,0,0,0,0,0,1,0,0,0,0,1,0,,,,
454,59,0,56,0,0,0,0,0,1,0,0,0,0,1,0,,,,
454,60,0,56,0,0,0,0,0,1,0,0,0,0,1,0,,,,
454,61,0,56,0,0,0,0,0,1,0,0,0,0,1,0,,,,
454,62,0,56,0,0,0,0,0,1,0,0,0,0,1,0,,,,
454,63,0,56,0,0,0,0,0,1,0,0,0,0,1,0,,,,
454,64,0,56,0,0,0,0,0,1,0,0,0,0,1,0,,,,
454,65,0,56,0,0,0,0,0,1,0,0,0,0,1,0,,,,
454,66,0,56,0,0,0,0,0,1,0,0,0,0,1,0,,,,
454,67,0,56,0,0,0,0,0,1,0,0,0,0,1,0,,,,
455,43,0,56,0,0,0,0,0,1,0,0,0,0,1,0,,,,
455,44,0,56,0,0,0,0,0,1,0,0,0,0,1,0,,,,
455,45,0,56,0,0,0,0,0,1,0,0,0,0,1,0,,,,
455,46,0,56,0,0,0,0,0,1,0,0,0,0,1,0,,,,
455,47,0,56,0,0,0,0,0,1,0,0,0,0,1,0,,,,
455,48,0,56,0,0,0,0,0,1,0,0,0,0,1,0,,,,
455,49,0,56,0,0,0,0,0,1,0,0,0,0,1,0,,,,
455,50,0,56,0,0,0,0,0,1,0,0,0,0,1,0,,,,
455,51,0,56,0,0,0,0,0,1,0,0,0,0,1,0,,,,
455,52,0,56,0,0,0,0,0,1,0,0,0,0,1,0,,,,
455,53,0,56,0,0,0,0,0,1,0,0,0,0,1,0,,,,
455,54,0,56,0,0,0,0,0,1,0,0,0,0,1,0,,,,
455,55,0,56,0,0,0,0,0,1,0,0,0,0,1,0,,,,
455,56,0,56,0,0,0,0,0,1,0,0,0,0,1,0,,,,
455,57,0,56,0,0,0,0,0,1,0,0,0,0,1,0,,,,
455,58,0,56,0,0,0,0,0,1,0,0,0,0,1,0,,,,
455,59,0,56,0,0,0,0,0,1,0,0,0,0,1,0,,,,
455,60,0,56,0,0,0,0,0,1,0,0,0,0,1,0,,,,
455,61,0,56,0,0,0,0,0,1,0,0,0,0,1,0,,,,
455,62,0,56,0,0,0,0,0,1,0,0,0,0,1,0,,,,
455,63,0,56,0,0,0,0,0,1,0,0,0,0,1,0,,,,
455,64,0,56,0,0,0,0,0,1,0,0,0,0,1,0,,,,
455,65,0,56,0,0,0,0,0,1,0,0,0,0,1,0,,,,
455,66,0,56,0,0,0,0,0,1,0,0,0,0,1,0,,,,
455,67,0,56,0,0,0,0,0,1,0,0,0,0,1,0,,,,
456,43,0,56,0,0,0,0,0,1,0,0,0,0,1,0,,,,
456,44,0,56,0,0,0,0,0,1,0,0,0,0,1,0,,,,
456,45,0,56,0,0,0,0,0,1,0,0,0,0,1,0,,,,
456,46,0,56,0,0,0,0,0,1,0,0,0,0,1,0,,,,
456,47,0,56,0,0,0,0,0,1,0,0,0,0,1,0,,,,
456,48,0,56,0,0,0,0,0,1,0,0,0,0,1,0,,,,
456,49,0,56,0,0,0,0,0,1,0,0,0,0,1,0,,,,
456,50,0,56,0,0,0,0,0,1,0,0,0,0,1,0,,,,
456,51,0,56,0,0,0,0,0,1,0,0,0,0,1,0,,,,
456,52,0,56,0,0,0,0,0,1,0,0,0,0,1,0,,,,
456,53,0,56,0,0,0,0,0,1,0,0,0,0,1,0,,,,
456,54,0,56,0,0,0,0,0,1,0,0,0,0,1,0,,,,
456,55,0,56,0,0,0,0,0,1,0,0,0,0,1,0,,,,
456,56,0,56,0,0,0,0,0,1,0,0,0,0,1,0,,,,
456,57,0,56,0,0,0,0,0,1,0,0,0,0,1,0,,,,
456,58,0,56,0,0,0,0,0,1,0,0,0,0,1,0,,,,
456,59,0,56,0,0,0,0,0,1,0,0,0,0,1,0,,,,
456,60,0,56,0,0,0,0,0,1,0,0,0,0,1,0,,,,
456,61,0,56,0,0,0,0,0,1,0,0,0,0,1,0,,,,
456,62,0,56,0,0,0,0,0,1,0,0,0,0,1,0,,,,
456,63,0,56,0,0,0,0,0,1,0,0,0,0,1,0,,,,
456,64,0,56,0,0,0,0,0,1,0,0,0,0,1,0,,,,
456,65,0,56,0,0,0,0,0,1,0,0,0,0,1,0,,,,
456,66,0,56,0,0,0,0,0,1,0,0,0,0,1,0,,,,
456,67,0,56,0,0,0,0,0,1,0,0,0,0,1,0,,,,
457,43,0,56,0,0,0,0,0,1,0,0,0,0,1,0,,,,
457,44,0,56,0,0,0,0,0,1,0,0,0,0,1,0,,,,
457,45,0,56,0,0,0,0,0,1,0,0,0,0,1,0,,,,
457,46,0,56,0,0,0,0,0,1,0,0,0,0,1,0,,,,
457,47,0,56,0,0,0,0,0,1,0,0,0,0,1,0,,,,
457,48,0,56,0,0,0,0,0,1,0,0,0,0,1,0,,,,
457,49,0,56,0,0,0,0,0,1,0,0,0,0,1,0,,,,
457,50,0,56,0,0,0,0,0,1,0,0,0,0,1,0,,,,
457,51,0,56,0,0,0,0,0,1,0,0,0,0,1,0,,,,
457,52,0,56,0,0,0,0,0,1,0,0,0,0,1,0,,,,
457,53,0,56,0,0,0,0,0,1,0,0,0,0,1,0,,,,
457,54,0,56,0,0,0,0,0,1,0,0,0,0,1,0,,,,
457,55,0,56,0,0,0,0,0,1,0,0,0,0,1,0,,,,
457,56,0,56,0,0,0,0,0,1,0,0,0,0,1,0,,,,
457,57,0,56,0,0,0,0,0,1,0,0,0,0,1,0,,,,
457,58,0,56,0,0,0,0,0,1,0,0,0,0,1,0,,,,
457,59,0,56,0,0,0,0,0,1,0,0,0,0,1,0,,,,
457,60,0,56,0,0,0,0,0,1,0,0,0,0,1,0,,,,
457,61,0,56,0,0,0,0,0,1,0,0,0,0,1,0,,,,
457,62,0,56,0,0,0,0,0,1,0,0,0,0,1,0,,,,
457,63,0,56,0,0,0,0,0,1,0,0,0,0,1,0,,,,
457,64,0,56,0,0,0,0,0,1,0,0,0,0,1,0,,,,
457,65,0,56,0,0,0,0,0,1,0,0,0,0,1,0,,,,
457,66,0,56,0,0,0,0,0,1,0,0,0,0,1,0,,,,
457,67,0,56,0,0,0,0,0,1,0,0,0,0,1,0,,,,
458,43,0,56,0,0,0,0,0,1,0,0,0,0,1,0,,,,
458,44,0,56,0,0,0,0,0,1,0,0,0,0,1,0,,,,
458,45,0,56,0,0,0,0,0,1,0,0,0,0,1,0,,,,
458,46,0,56,0,0,0,0,0,1,0,0,0,0,1,0,,,,
458,47,0,56,0,0,0,0,0,1,0,0,0,0,1,0,,,,
458,48,0,56,0,0,0,0,0,1,0,0,0,0,1,0,,,,
458,49,0,56,0,0,0,0,0,1,0,0,0,0,1,0,,,,
458,50,0,56,0,0,0,0,0,1,0,0,0,0,1,0,,,,
458,51,0,56,0,0,0,0,0,1,0,0,0,0,1,0,,,,
458,52,0,56,0,0,0,0,0,1,0,0,0,0,1,0,,,,
458,53,0,56,0,0,0,0,0,1,0,0,0,0,1,0,,,,
458,54,0,56,0,0,0,0,0,1,0,0,0,0,1,0,,,,
458,55,0,56,0,0,0,0,0,1,0,0,0,0,1,0,,,,
458,56,0,56,0,0,0,0,0,1,0,0,0,0,1,0,,,,
458,57,0,56,0,0,0,0,0,1,0,0,0,0,1,0,,,,
458,58,0,56,0,0,0,0,0,1,0,0,0,0,1,0,,,,
458,59,0,56,0,0,0,0,0,1,0,0,0,0,1,0,,,,
458,60,0,56,0,0,0,0,0,1,0,0,0,0,1,0,,,,
458,61,0,56,0,0,0,0,0,1,0,0,0,0,1,0,,,,
458,62,0,56,0,0,0,0,0,1,0,0,0,0,1,0,,,,
458,63,0,56,0,0,0,0,0,1,0,0,0,0,1,0,,,,
458,64,0,56,0,0,0,0,0,1,0,0,0,0,1,0,,,,
458,65,0,56,0,0,0,0,0,1,0,0,0,0,1,0,,,,
458,66,0,56,0,0,0,0,0,1,0,0,0,0,1,0,,,,
458,67,0,56,0,0,0,0,0,1,0,0,0,0,1,0,,,,
459,43,0,56,0,0,0,0,0,1,0,0,0,0,1,0,,,,
459,44,0,56,0,0,0,0,0,1,0,0,0,0,1,0,,,,
459,45,0,56,0,0,0,0,0,1,0,0,0,0,1,0,,,,
459,46,0,56,0,0,0,0,0,1,0,0,0,0,1,0,,,,
459,47,0,56,0,0,0,0,0,1,0,0,0,0,1,0,,,,
459,48,0,56,0,0,0,0,0,1,0,0,0,0,1,0,,,,
459,49,0,56,0,0,0,0,0,1,0,0,0,0,1,0,,,,
459,50,0,56,0,0,0,0,0,1,0,0,0,0,1,0,,,,
459,51,0,56,0,0,0,0,0,1,0,0,0,0,1,0,,,,
459,52,0,56,0,0,0,0,0,1,0,0,0,0,1,0,,,,
459,53,0,56,0,0,0,0,0,1,0,0,0,0,1,0,,,,
459,54,0,56,0,0,0,0,0,1,0,0,0,0,1,0,,,,
459,55,0,56,0,0,0,0,0,1,0,0,0,0,1,0,,,,
459,56,0,56,0,0,0,0,0,1,0,0,0,0,1,0,,,,
459,57,0,56,0,0,0,0,0,1,0,0,0,0,1,0,,,,
459,58,0,56,0,0,0,0,0,1,0,0,0,0,1,0,,,,
459,59,0,56,0,0,0,0,0,1,0,0,0,0,1,0,,,,
459,60,0,56,0,0,0,0,0,1,0,0,0,0,1,0,,,,
459,61,0,56,0,0,0,0,0,1,0,0,0,0,1,0,,,,
459,62,0,56,0,0,0,0,0,1,0,0,0,0,1,0,,,,
459,63,0,56,0,0,0,0,0,1,0,0,0,0,1,0,,,,
459,64,0,56,0,0,0,0,0,1,0,0,0,0,1,0,,,,
459,65,0,56,0,0,0,0,0,1,0,0,0,0,1,0,,,,
459,66,0,56,0,0,0,0,0,1,0,0,0,0,1,0,,,,
459,67,0,56,0,0,0,0,0,1,0,0,0,0,1,0,,,,
460,43,0,56,0,0,0,0,0,1,0,0,0,0,1,0,,,,
460,44,0,56,0,0,0,0,0,1,0,0,0,0,1,0,,,,
460,45,0,56,0,0,0,0,0,1,0,0,0,0,1,0,,,,
460,46,0,56,0,0,0,0,0,1,0,0,0,0,1,0,,,,
460,47,0,56,0,0,0,0,0,1,0,0,0,0,1,0,,,,
460,48,0,56,0,0,0,0,0,1,0,0,0,0,1,0,,,,
460,49,0,56,0,0,0,0,0,1,0,0,0,0,1,0,,,,
460,50,0,56,0,0,0,0,0,1,0,0,0,0,1,0,,,,
460,51,0,56,0,0,0,0,0,1,0,0,0,0,1,0,,,,
460,52,0,56,0,0,0,0,0,1,0,0,0,0,1,0,,,,
460,53,0,56,0,0,0,0,0,1,0,0,0,0,1,0,,,,
460,54,0,56,0,0,0,0,0,1,0,0,0,0,1,0,,,,
460,55,0,56,0,0,0,0,0,1,0,0,0,0,1,0,,,,
460,56,0,56,0,0,0,0,0,1,0,0,0,0,1,0,,,,
460,57,0,56,0,0,0,0,0,1,0,0,0,0,1,0,,,,
460,58,0,56,0,0,0,0,0,1,0,0,0,0,1,0,,,,
460,59,0,56,0,0,0,0,0,1,0,0,0,0,1,0,,,,
460,60,0,56,0,0,0,0,0,1,0,0,0,0,1,0,,,,
460,61,0,56,0,0,0,0,0,1,0,0,0,0,1,0,,,,
460,62,0,56,0,0,0,0,0,1,0,0,0,0,1,0,,,,
460,63,0,56,0,0,0,0,0,1,0,0,0,0,1,0,,,,
460,64,0,56,0,0,0,0,0,1,0,0,0,0,1,0,,,,
460,65,0,56,0,0,0,0,0,1,0,0,0,0,1,0,,,,
460,66,0,56,0,0,0,0,0,1,0,0,0,0,1,0,,,,
460,67,0,56,0,0,0,0,0,1,0,0,0,0,1,0,,,,
461,43,0,56,0,0,0,0,0,1,0,0,0,0,1,0,,,,
461,44,0,56,0,0,0,0,0,1,0,0,0,0,1,0,,,,
461,45,0,56,0,0,0,0,0,1,0,0,0,0,1,0,,,,
461,46,0,56,0,0,0,0,0,1,0,0,0,0,1,0,,,,
461,47,0,56,0,0,0,0,0,1,0,0,0,0,1,0,,,,
461,48,0,56,0,0,0,0,0,1,0,0,0,0,1,0,,,,
461,49,0,56,0,0,0,0,0,1,0,0,0,0,1,0,,,,
461,50,0,56,0,0,0,0,0,1,0,0,0,0,1,0,,,,
461,51,0,56,0,0,0,0,0,1,0,0,0,0,1,0,,,,
461,52,0,56,0,0,0,0,0,1,0,0,0,0,1,0,,,,
461,53,0,56,0,0,0,0,0,1,0,0,0,0,1,0,,,,
461,54,0,56,0,0,0,0,0,1,0,0,0,0,1,0,,,,
461,55,0,56,0,0,0,0,0,1,0,0,0,0,1,0,,,,
461,56,0,56,0,0,0,0,0,1,0,0,0,0,1,0,,,,
461,57,0,56,0,0,0,0,0,1,0,0,0,0,1,0,,,,
461,58,0,56,0,0,0,0,0,1,0,0,0,0,1,0,,,,
461,59,0,56,0,0,0,0,0,1,0,0,0,0,1,0,,,,
461,60,0,56,0,0,0,0,0,1,0,0,0,0,1,0,,,,
461,61,0,56,0,0,0,0,0,1,0,0,0,0,1,0,,,,
461,62,0,56,0,0,0,0,0,1,0,0,0,0,1,0,,,,
461,63,0,56,0,0,0,0,0,1,0,0,0,0,1,0,,,,
461,64,0,56,0,0,0,0,0,1,0,0,0,0,1,0,,,,
461,65,0,56,0,0,0,0,0,1,0,0,0,0,1,0,,,,
461,66,0,56,0,0,0,0,0,1,0,0,0,0,1,0,,,,
461,67,0,56,0,0,0,0,0,1,0,0,0,0,1,0,,,,
462,43,0,56,0,0,0,0,0,1,0,0,0,0,1,0,,,,
462,44,0,56,0,0,0,0,0,1,0,0,0,0,1,0,,,,
462,45,0,56,0,0,0,0,0,1,0,0,0,0,1,0,,,,
462,46,0,56,0,0,0,0,0,1,0,0,0,0,1,0,,,,
462,47,0,56,0,0,0,0,0,1,0,0,0,0,1,0,,,,
462,48,0,56,0,0,0,0,0,1,0,0,0,0,1,0,,,,
462,49,0,56,0,0,0,0,0,1,0,0,0,0,1,0,,,,
462,50,0,56,0,0,0,0,0,1,0,0,0,0,1,0,,,,
462,51,0,56,0,0,0,0,0,1,0,0,0,0,1,0,,,,
462,52,0,56,0,0,0,0,0,1,0,0,0,0,1,0,,,,
462,53,0,56,0,0,0,0,0,1,0,0,0,0,1,0,,,,
462,54,0,56,0,0,0,0,0,1,0,0,0,0,1,0,,,,
462,55,0,56,0,0,0,0,0,1,0,0,0,0,1,0,,,,
462,56,0,56,0,0,0,0,0,1,0,0,0,0,1,0,,,,
462,57,0,56,0,0,0,0,0,1,0,0,0,0,1,0,,,,
462,58,0,56,0,0,0,0,0,1,0,0,0,0,1,0,,,,
462,59,0,56,0,0,0,0,0,1,0,0,0,0,1,0,,,,
462,60,0,56,0,0,0,0,0,1,0,0,0,0,1,0,,,,
462,61,0,56,0,0,0,0,0,1,0,0,0,0,1,0,,,,
462,62,0,56,0,0,0,0,0,1,0,0,0,0,1,0,,,,
462,63,0,56,0,0,0,0,0,1,0,0,0,0,1,0,,,,
462,64,0,56,0,0,0,0,0,1,0,0,0,0,1,0,,,,
462,65,0,56,0,0,0,0,0,1,0,0,0,0,1,0,,,,
462,66,0,56,0,0,0,0,0,1,0,0,0,0,1,0,,,,
462,67,0,56,0,0,0,0,0,1,0,0,0,0,1,0,,,,
463,43,0,56,0,0,0,0,0,1,0,0,0,0,1,0,,,,
463,44,0,56,0,0,0,0,0,1,0,0,0,0,1,0,,,,
463,45,0,56,0,0,0,0,0,1,0,0,0,0,1,0,,,,
463,46,0,56,0,0,0,0,0,1,0,0,0,0,1,0,,,,
463,47,0,56,0,0,0,0,0,1,0,0,0,0,1,0,,,,
463,48,0,56,0,0,0,0,0,1,0,0,0,0,1,0,,,,
463,49,0,56,0,0,0,0,0,1,0,0,0,0,1,0,,,,
463,50,0,56,0,0,0,0,0,1,0,0,0,0,1,0,,,,
463,51,0,56,0,0,0,0,0,1,0,0,0,0,1,0,,,,
463,52,0,56,0,0,0,0,0,1,0,0,0,0,1,0,,,,
463,53,0,56,0,0,0,0,0,1,0,0,0,0,1,0,,,,
463,54,0,56,0,0,0,0,0,1,0,0,0,0,1,0,,,,
463,55,0,56,0,0,0,0,0,1,0,0,0,0,1,0,,,,
463,56,0,56,0,0,0,0,0,1,0,0,0,0,1,0,,,,
463,57,0,56,0,0,0,0,0,1,0,0,0,0,1,0,,,,
463,58,0,56,0,0,0,0,0,1,0,0,0,0,1,0,,,,
463,59,0,56,0,0,0,0,0,1,0,0,0,0,1,0,,,,
463,60,0,56,0,0,0,0,0,1,0,0,0,0,1,0,,,,
463,61,0,56,0,0,0,0,0,1,0,0,0,0,1,0,,,,
463,62,0,56,0,0,0,0,0,1,0,0,0,0,1,0,,,,
463,63,0,56,0,0,0,0,0,1,0,0,0,0,1,0,,,,
463,64,0,56,0,0,0,0,0,1,0,0,0,0,1,0,,,,
463,65,0,56,0,0,0,0,0,1,0,0,0,0,1,0,,,,
463,66,0,56,0,0,0,0,0,1,0,0,0,0,1,0,,,,
463,67,0,56,0,0,0,0,0,1,0,0,0,0,1,0,,,,
464,43,0,56,0,0,0,0,0,1,0,0,0,0,1,0,,,,
464,44,0,56,0,0,0,0,0,1,0,0,0,0,1,0,,,,
464,45,0,56,0,0,0,0,0,1,0,0,0,0,1,0,,,,
464,46,0,56,0,0,0,0,0,1,0,0,0,0,1,0,,,,
464,47,0,56,0,0,0,0,0,1,0,0,0,0,1,0,,,,
464,48,0,56,0,0,0,0,0,1,0,0,0,0,1,0,,,,
464,49,0,56,0,0,0,0,0,1,0,0,0,0,1,0,,,,
464,50,0,56,0,0,0,0,0,1,0,0,0,0,1,0,,,,
464,51,0,56,0,0,0,0,0,1,0,0,0,0,1,0,,,,
464,52,0,56,0,0,0,0,0,1,0,0,0,0,1,0,,,,
464,53,0,56,0,0,0,0,0,1,0,0,0,0,1,0,,,,
464,54,0,56,0,0,0,0,0,1,0,0,0,0,1,0,,,,
464,55,0,56,0,0,0,0,0,1,0,0,0,0,1,0,,,,
464,56,0,56,0,0,0,0,0,1,0,0,0,0,1,0,,,,
464,57,0,56,0,0,0,0,0,1,0,0,0,0,1,0,,,,
464,58,0,56,0,0,0,0,0,1,0,0,0,0,1,0,,,,
464,59,0,56,0,0,0,0,0,1,0,0,0,0,1,0,,,,
464,60,0,56,0,0,0,0,0,1,0,0,0,0,1,0,,,,
464,61,0,56,0,0,0,0,0,1,0,0,0,0,1,0,,,,
464,62,0,56,0,0,0,0,0,1,0,0,0,0,1,0,,,,
464,63,0,56,0,0,0,0,0,1,0,0,0,0,1,0,,,,
464,64,0,56,0,0,0,0,0,1,0,0,0,0,1,0,,,,
464,65,0,56,0,0,0,0,0,1,0,0,0,0,1,0,,,,
464,66,0,56,0,0,0,0,0,1,0,0,0,0,1,0,,,,
464,67,0,56,0,0,0,0,0,1,0,0,0,0,1,0,,,,
465,43,0,56,0,0,0,0,0,1,0,0,0,0,1,0,,,,
465,44,0,56,0,0,0,0,0,1,0,0,0,0,1,0,,,,
465,45,0,56,0,0,0,0,0,1,0,0,0,0,1,0,,,,
465,46,0,56,0,0,0,0,0,1,0,0,0,0,1,0,,,,
465,47,0,56,0,0,0,0,0,1,0,0,0,0,1,0,,,,
465,48,0,56,0,0,0,0,0,1,0,0,0,0,1,0,,,,
465,49,0,56,0,0,0,0,0,1,0,0,0,0,1,0,,,,
465,50,0,56,0,0,0,0,0,1,0,0,0,0,1,0,,,,
465,51,0,56,0,0,0,0,0,1,0,0,0,0,1,0,,,,
465,52,0,56,0,0,0,0,0,1,0,0,0,0,1,0,,,,
465,53,0,56,0,0,0,0,0,1,0,0,0,0,1,0,,,,
465,54,0,56,0,0,0,0,0,1,0,0,0,0,1,0,,,,
465,55,0,56,0,0,0,0,0,1,0,0,0,0,1,0,,,,
465,56,0,56,0,0,0,0,0,1,0,0,0,0,1,0,,,,
465,57,0,56,0,0,0,0,0,1,0,0,0,0,1,0,,,,
465,58,0,56,0,0,0,0,0,1,0,0,0,0,1,0,,,,
465,59,0,56,0,0,0,0,0,1,0,0,0,0,1,0,,,,
465,60,0,56,0,0,0,0,0,1,0,0,0,0,1,0,,,,
465,61,0,56,0,0,0,0,0,1,0,0,0,0,1,0,,,,
465,62,0,56,0,0,0,0,0,1,0,0,0,0,1,0,,,,
465,63,0,56,0,0,0,0,0,1,0,0,0,0,1,0,,,,
465,64,0,56,0,0,0,0,0,1,0,0,0,0,1,0,,,,
465,65,0,56,0,0,0,0,0,1,0,0,0,0,1,0,,,,
465,66,0,56,0,0,0,0,0,1,0,0,0,0,1,0,,,,
465,67,0,56,0,0,0,0,0,1,0,0,0,0,1,0,,,,
466,43,0,56,0,0,0,0,0,1,0,0,0,0,1,0,,,,
466,44,0,56,0,0,0,0,0,1,0,0,0,0,1,0,,,,
466,45,0,56,0,0,0,0,0,1,0,0,0,0,1,0,,,,
466,46,0,56,0,0,0,0,0,1,0,0,0,0,1,0,,,,
466,47,0,56,0,0,0,0,0,1,0,0,0,0,1,0,,,,
466,48,0,56,0,0,0,0,0,1,0,0,0,0,1,0,,,,
466,49,0,56,0,0,0,0,0,1,0,0,0,0,1,0,,,,
466,50,0,56,0,0,0,0,0,1,0,0,0,0,1,0,,,,
466,51,0,56,0,0,0,0,0,1,0,0,0,0,1,0,,,,
466,52,0,56,0,0,0,0,0,1,0,0,0,0,1,0,,,,
466,53,0,56,0,0,0,0,0,1,0,0,0,0,1,0,,,,
466,54,0,56,0,0,0,0,0,1,0,0,0,0,1,0,,,,
466,55,0,56,0,0,0,0,0,1,0,0,0,0,1,0,,,,
466,56,0,56,0,0,0,0,0,1,0,0,0,0,1,0,,,,
466,57,0,56,0,0,0,0,0,1,0,0,0,0,1,0,,,,
466,58,0,56,0,0,0,0,0,1,0,0,0,0,1,0,,,,
466,59,0,56,0,0,0,0,0,1,0,0,0,0,1,0,,,,
466,60,0,56,0,0,0,0,0,1,0,0,0,0,1,0,,,,
466,61,0,56,0,0,0,0,0,1,0,0,0,0,1,0,,,,
466,62,0,56,0,0,0,0,0,1,0,0,0,0,1,0,,,,
466,63,0,56,0,0,0,0,0,1,0,0,0,0,1,0,,,,
466,64,0,56,0,0,0,0,0,1,0,0,0,0,1,0,,,,
466,65,0,56,0,0,0,0,0,1,0,0,0,0,1,0,,,,
466,66,0,56,0,0,0,0,0,1,0,0,0,0,1,0,,,,
466,67,0,56,0,0,0,0,0,1,0,0,0,0,1,0,,,,
467,43,0,56,0,0,0,0,0,1,0,0,0,0,1,0,,,,
467,44,0,56,0,0,0,0,0,1,0,0,0,0,1,0,,,,
467,45,0,56,0,0,0,0,0,1,0,0,0,0,1,0,,,,
467,46,0,56,0,0,0,0,0,1,0,0,0,0,1,0,,,,
467,47,0,56,0,0,0,0,0,1,0,0,0,0,1,0,,,,
467,48,0,56,0,0,0,0,0,1,0,0,0,0,1,0,,,,
467,49,0,56,0,0,0,0,0,1,0,0,0,0,1,0,,,,
467,50,0,56,0,0,0,0,0,1,0,0,0,0,1,0,,,,
467,51,0,56,0,0,0,0,0,1,0,0,0,0,1,0,,,,
467,52,0,56,0,0,0,0,0,1,0,0,0,0,1,0,,,,
467,53,0,56,0,0,0,0,0,1,0,0,0,0,1,0,,,,
467,54,0,56,0,0,0,0,0,1,0,0,0,0,1,0,,,,
467,55,0,56,0,0,0,0,0,1,0,0,0,0,1,0,,,,
467,56,0,56,0,0,0,0,0,1,0,0,0,0,1,0,,,,
467,57,0,56,0,0,0,0,0,1,0,0,0,0,1,0,,,,
467,58,0,56,0,0,0,0,0,1,0,0,0,0,1,0,,,,
467,59,0,56,0,0,0,0,0,1,0,0,0,0,1,0,,,,
467,60,0,56,0,0,0,0,0,1,0,0,0,0,1,0,,,,
467,61,0,56,0,0,0,0,0,1,0,0,0,0,1,0,,,,
467,62,0,56,0,0,0,0,0,1,0,0,0,0,1,0,,,,
467,63,0,56,0,0,0,0,0,1,0,0,0,0,1,0,,,,
467,64,0,56,0,0,0,0,0,1,0,0,0,0,1,0,,,,
467,65,0,56,0,0,0,0,0,1,0,0,0,0,1,0,,,,
467,66,0,56,0,0,0,0,0,1,0,0,0,0,1,0,,,,
467,67,0,56,0,0,0,0,0,1,0,0,0,0,1,0,,,,
468,43,0,56,0,0,0,0,0,1,0,0,0,0,1,0,,,,
468,44,0,56,0,0,0,0,0,1,0,0,0,0,1,0,,,,
468,45,0,56,0,0,0,0,0,1,0,0,0,0,1,0,,,,
468,46,0,56,0,0,0,0,0,1,0,0,0,0,1,0,,,,
468,47,0,56,0,0,0,0,0,1,0,0,0,0,1,0,,,,
468,48,0,56,0,0,0,0,0,1,0,0,0,0,1,0,,,,
468,49,0,56,0,0,0,0,0,1,0,0,0,0,1,0,,,,
468,50,0,56,0,0,0,0,0,1,0,0,0,0,1,0,,,,
468,51,0,56,0,0,0,0,0,1,0,0,0,0,1,0,,,,
468,52,0,56,0,0,0,0,0,1,0,0,0,0,1,0,,,,
468,53,0,56,0,0,0,0,0,1,0,0,0,0,1,0,,,,
468,54,0,56,0,0,0,0,0,1,0,0,0,0,1,0,,,,
468,55,0,56,0,0,0,0,0,1,0,0,0,0,1,0,,,,
468,56,0,56,0,0,0,0,0,1,0,0,0,0,1,0,,,,
468,57,0,56,0,0,0,0,0,1,0,0,0,0,1,0,,,,
468,58,0,56,0,0,0,0,0,1,0,0,0,0,1,0,,,,
468,59,0,56,0,0,0,0,0,1,0,0,0,0,1,0,,,,
468,60,0,56,0,0,0,0,0,1,0,0,0,0,1,0,,,,
468,61,0,56,0,0,0,0,0,1,0,0,0,0,1,0,,,,
468,62,0,56,0,0,0,0,0,1,0,0,0,0,1,0,,,,
468,63,0,56,0,0,0,0,0,1,0,0,0,0,1,0,,,,
468,64,0,56,0,0,0,0,0,1,0,0,0,0,1,0,,,,
468,65,0,56,0,0,0,0,0,1,0,0,0,0,1,0,,,,
468,66,0,56,0,0,0,0,0,1,0,0,0,0,1,0,,,,
468,67,0,56,0,0,0,0,0,1,0,0,0,0,1,0,,,,
469,43,0,56,0,0,0,0,0,1,0,0,0,0,1,0,,,,
469,44,0,56,0,0,0,0,0,1,0,0,0,0,1,0,,,,
469,45,0,56,0,0,0,0,0,1,0,0,0,0,1,0,,,,
469,46,0,56,0,0,0,0,0,1,0,0,0,0,1,0,,,,
469,47,0,56,0,0,0,0,0,1,0,0,0,0,1,0,,,,
469,48,0,56,0,0,0,0,0,1,0,0,0,0,1,0,,,,
469,49,0,56,0,0,0,0,0,1,0,0,0,0,1,0,,,,
469,50,0,56,0,0,0,0,0,1,0,0,0,0,1,0,,,,
469,51,0,56,0,0,0,0,0,1,0,0,0,0,1,0,,,,
469,52,0,56,0,0,0,0,0,1,0,0,0,0,1,0,,,,
469,53,0,56,0,0,0,0,0,1,0,0,0,0,1,0,,,,
469,54,0,56,0,0,0,0,0,1,0,0,0,0,1,0,,,,
469,55,0,56,0,0,0,0,0,1,0,0,0,0,1,0,,,,
469,56,0,56,0,0,0,0,0,1,0,0,0,0,1,0,,,,
469,57,0,56,0,0,0,0,0,1,0,0,0,0,1,0,,,,
469,58,0,56,0,0,0,0,0,1,0,0,0,0,1,0,,,,
469,59,0,56,0,0,0,0,0,1,0,0,0,0,1,0,,,,
469,60,0,56,0,0,0,0,0,1,0,0,0,0,1,0,,,,
469,61,0,56,0,0,0,0,0,1,0,0,0,0,1,0,,,,
469,62,0,56,0,0,0,0,0,1,0,0,0,0,1,0,,,,
469,63,0,56,0,0,0,0,0,1,0,0,0,0,1,0,,,,
469,64,0,56,0,0,0,0,0,1,0,0,0,0,1,0,,,,
469,65,0,56,0,0,0,0,0,1,0,0,0,0,1,0,,,,
469,66,0,56,0,0,0,0,0,1,0,0,0,0,1,0,,,,
469,67,0,56,0,0,0,0,0,1,0,0,0,0,1,0,,,,
470,43,0,56,0,0,0,0,0,1,0,0,0,0,1,0,,,,
470,44,0,56,0,0,0,0,0,1,0,0,0,0,1,0,,,,
470,45,0,56,0,0,0,0,0,1,0,0,0,0,1,0,,,,
470,46,0,56,0,0,0,0,0,1,0,0,0,0,1,0,,,,
470,47,0,56,0,0,0,0,0,1,0,0,0,0,1,0,,,,
470,48,0,56,0,0,0,0,0,1,0,0,0,0,1,0,,,,
470,49,0,56,0,0,0,0,0,1,0,0,0,0,1,0,,,,
470,50,0,56,0,0,0,0,0,1,0,0,0,0,1,0,,,,
470,51,0,56,0,0,0,0,0,1,0,0,0,0,1,0,,,,
470,52,0,56,0,0,0,0,0,1,0,0,0,0,1,0,,,,
470,53,0,56,0,0,0,0,0,1,0,0,0,0,1,0,,,,
470,54,0,56,0,0,0,0,0,1,0,0,0,0,1,0,,,,
470,55,0,56,0,0,0,0,0,1,0,0,0,0,1,0,,,,
470,56,0,56,0,0,0,0,0,1,0,0,0,0,1,0,,,,
470,57,0,56,0,0,0,0,0,1,0,0,0,0,1,0,,,,
470,58,0,56,0,0,0,0,0,1,0,0,0,0,1,0,,,,
470,59,0,56,0,0,0,0,0,1,0,0,0,0,1,0,,,,
470,60,0,56,0,0,0,0,0,1,0,0,0,0,1,0,,,,
470,61,0,56,0,0,0,0,0,1,0,0,0,0,1,0,,,,
470,62,0,56,0,0,0,0,0,1,0,0,0,0,1,0,,,,
470,63,0,56,0,0,0,0,0,1,0,0,0,0,1,0,,,,
470,64,0,56,0,0,0,0,0,1,0,0,0,0,1,0,,,,
470,65,0,56,0,0,0,0,0,1,0,0,0,0,1,0,,,,
470,66,0,56,0,0,0,0,0,1,0,0,0,0,1,0,,,,
470,67,0,56,0,0,0,0,0,1,0,0,0,0,1,0,,,,
471,43,0,56,0,0,0,0,0,1,0,0,0,0,1,0,,,,
471,44,0,56,0,0,0,0,0,1,0,0,0,0,1,0,,,,
471,45,0,56,0,0,0,0,0,1,0,0,0,0,1,0,,,,
471,46,0,56,0,0,0,0,0,1,0,0,0,0,1,0,,,,
471,47,0,56,0,0,0,0,0,1,0,0,0,0,1,0,,,,
471,48,0,56,0,0,0,0,0,1,0,0,0,0,1,0,,,,
471,49,0,56,0,0,0,0,0,1,0,0,0,0,1,0,,,,
471,50,0,56,0,0,0,0,0,1,0,0,0,0,1,0,,,,
471,51,0,56,0,0,0,0,0,1,0,0,0,0,1,0,,,,
471,52,0,56,0,0,0,0,0,1,0,0,0,0,1,0,,,,
471,53,0,56,0,0,0,0,0,1,0,0,0,0,1,0,,,,
471,54,0,56,0,0,0,0,0,1,0,0,0,0,1,0,,,,
471,55,0,56,0,0,0,0,0,1,0,0,0,0,1,0,,,,
471,56,0,56,0,0,0,0,0,1,0,0,0,0,1,0,,,,
471,57,0,56,0,0,0,0,0,1,0,0,0,0,1,0,,,,
471,58,0,56,0,0,0,0,0,1,0,0,0,0,1,0,,,,
471,59,0,56,0,0,0,0,0,1,0,0,0,0,1,0,,,,
471,60,0,56,0,0,0,0,0,1,0,0,0,0,1,0,,,,
471,61,0,56,0,0,0,0,0,1,0,0,0,0,1,0,,,,
471,62,0,56,0,0,0,0,0,1,0,0,0,0,1,0,,,,
471,63,0,56,0,0,0,0,0,1,0,0,0,0,1,0,,,,
471,64,0,56,0,0,0,0,0,1,0,0,0,0,1,0,,,,
471,65,0,56,0,0,0,0,0,1,0,0,0,0,1,0,,,,
471,66,0,56,0,0,0,0,0,1,0,0,0,0,1,0,,,,
471,67,0,56,0,0,0,0,0,1,0,0,0,0,1,0,,,,
472,43,0,56,0,0,0,0,0,1,0,0,0,0,1,0,,,,
472,44,0,56,0,0,0,0,0,1,0,0,0,0,1,0,,,,
472,45,0,56,0,0,0,0,0,1,0,0,0,0,1,0,,,,
472,46,0,56,0,0,0,0,0,1,0,0,0,0,1,0,,,,
472,47,0,56,0,0,0,0,0,1,0,0,0,0,1,0,,,,
472,48,0,56,0,0,0,0,0,1,0,0,0,0,1,0,,,,
472,49,0,56,0,0,0,0,0,1,0,0,0,0,1,0,,,,
472,50,0,56,0,0,0,0,0,1,0,0,0,0,1,0,,,,
472,51,0,56,0,0,0,0,0,1,0,0,0,0,1,0,,,,
472,52,0,56,0,0,0,0,0,1,0,0,0,0,1,0,,,,
472,53,0,56,0,0,0,0,0,1,0,0,0,0,1,0,,,,
472,54,0,56,0,0,0,0,0,1,0,0,0,0,1,0,,,,
472,55,0,56,0,0,0,0,0,1,0,0,0,0,1,0,,,,
472,56,0,56,0,0,0,0,0,1,0,0,0,0,1,0,,,,
472,57,0,56,0,0,0,0,0,1,0,0,0,0,1,0,,,,
472,58,0,56,0,0,0,0,0,1,0,0,0,0,1,0,,,,
472,59,0,56,0,0,0,0,0,1,0,0,0,0,1,0,,,,
472,60,0,56,0,0,0,0,0,1,0,0,0,0,1,0,,,,
472,61,0,56,0,0,0,0,0,1,0,0,0,0,1,0,,,,
472,62,0,56,0,0,0,0,0,1,0,0,0,0,1,0,,,,
472,63,0,56,0,0,0,0,0,1,0,0,0,0,1,0,,,,
472,64,0,56,0,0,0,0,0,1,0,0,0,0,1,0,,,,
472,65,0,56,0,0,0,0,0,1,0,0,0,0,1,0,,,,
472,66,0,56,0,0,0,0,0,1,0,0,0,0,1,0,,,,
472,67,0,56,0,0,0,0,0,1,0,0,0,0,1,0,,,,
473,43,0,56,0,0,0,0,0,1,0,0,0,0,1,0,,,,
473,44,0,56,0,0,0,0,0,1,0,0,0,0,1,0,,,,
473,45,0,56,0,0,0,0,0,1,0,0,0,0,1,0,,,,
473,46,0,56,0,0,0,0,0,1,0,0,0,0,1,0,,,,
473,47,0,56,0,0,0,0,0,1,0,0,0,0,1,0,,,,
473,48,0,56,0,0,0,0,0,1,0,0,0,0,1,0,,,,
473,49,0,56,0,0,0,0,0,1,0,0,0,0,1,0,,,,
473,50,0,56,0,0,0,0,0,1,0,0,0,0,1,0,,,,
473,51,0,56,0,0,0,0,0,1,0,0,0,0,1,0,,,,
473,52,0,56,0,0,0,0,0,1,0,0,0,0,1,0,,,,
473,53,0,56,0,0,0,0,0,1,0,0,0,0,1,0,,,,
473,54,0,56,0,0,0,0,0,1,0,0,0,0,1,0,,,,
473,55,0,56,0,0,0,0,0,1,0,0,0,0,1,0,,,,
473,56,0,56,0,0,0,0,0,1,0,0,0,0,1,0,,,,
473,57,0,56,0,0,0,0,0,1,0,0,0,0,1,0,,,,
473,58,0,56,0,0,0,0,0,1,0,0,0,0,1,0,,,,
473,59,0,56,0,0,0,0,0,1,0,0,0,0,1,0,,,,
473,60,0,56,0,0,0,0,0,1,0,0,0,0,1,0,,,,
473,61,0,56,0,0,0,0,0,1,0,0,0,0,1,0,,,,
473,62,0,56,0,0,0,0,0,1,0,0,0,0,1,0,,,,
473,63,0,56,0,0,0,0,0,1,0,0,0,0,1,0,,,,
473,64,0,56,0,0,0,0,0,1,0,0,0,0,1,0,,,,
473,65,0,56,0,0,0,0,0,1,0,0,0,0,1,0,,,,
473,66,0,56,0,0,0,0,0,1,0,0,0,0,1,0,,,,
473,67,0,56,0,0,0,0,0,1,0,0,0,0,1,0,,,,
474,43,0,56,0,0,0,0,0,1,0,0,0,0,1,0,,,,
474,44,0,56,0,0,0,0,0,1,0,0,0,0,1,0,,,,
474,45,0,56,0,0,0,0,0,1,0,0,0,0,1,0,,,,
474,46,0,56,0,0,0,0,0,1,0,0,0,0,1,0,,,,
474,47,0,56,0,0,0,0,0,1,0,0,0,0,1,0,,,,
474,48,0,56,0,0,0,0,0,1,0,0,0,0,1,0,,,,
474,49,0,56,0,0,0,0,0,1,0,0,0,0,1,0,,,,
474,50,0,56,0,0,0,0,0,1,0,0,0,0,1,0,,,,
474,51,0,56,0,0,0,0,0,1,0,0,0,0,1,0,,,,
474,52,0,56,0,0,0,0,0,1,0,0,0,0,1,0,,,,
474,53,0,56,0,0,0,0,0,1,0,0,0,0,1,0,,,,
474,54,0,56,0,0,0,0,0,1,0,0,0,0,1,0,,,,
474,55,0,56,0,0,0,0,0,1,0,0,0,0,1,0,,,,
474,56,0,56,0,0,0,0,0,1,0,0,0,0,1,0,,,,
474,57,0,56,0,0,0,0,0,1,0,0,0,0,1,0,,,,
474,58,0,56,0,0,0,0,0,1,0,0,0,0,1,0,,,,
474,59,0,56,0,0,0,0,0,1,0,0,0,0,1,0,,,,
474,60,0,56,0,0,0,0,0,1,0,0,0,0,1,0,,,,
474,61,0,56,0,0,0,0,0,1,0,0,0,0,1,0,,,,
474,62,0,56,0,0,0,0,0,1,0,0,0,0,1,0,,,,
474,63,0,56,0,0,0,0,0,1,0,0,0,0,1,0,,,,
474,64,0,56,0,0,0,0,0,1,0,0,0,0,1,0,,,,
474,65,0,56,0,0,0,0,0,1,0,0,0,0,1,0,,,,
474,66,0,56,0,0,0,0,0,1,0,0,0,0,1,0,,,,
474,67,0,56,0,0,0,0,0,1,0,0,0,0,1,0,,,,
475,43,0,56,0,0,0,0,0,1,0,0,0,0,1,0,,,,
475,44,0,56,0,0,0,0,0,1,0,0,0,0,1,0,,,,
475,45,0,56,0,0,0,0,0,1,0,0,0,0,1,0,,,,
475,46,0,56,0,0,0,0,0,1,0,0,0,0,1,0,,,,
475,47,0,56,0,0,0,0,0,1,0,0,0,0,1,0,,,,
475,48,0,56,0,0,0,0,0,1,0,0,0,0,1,0,,,,
475,49,0,56,0,0,0,0,0,1,0,0,0,0,1,0,,,,
475,50,0,56,0,0,0,0,0,1,0,0,0,0,1,0,,,,
475,51,0,56,0,0,0,0,0,1,0,0,0,0,1,0,,,,
475,52,0,56,0,0,0,0,0,1,0,0,0,0,1,0,,,,
475,53,0,56,0,0,0,0,0,1,0,0,0,0,1,0,,,,
475,54,0,56,0,0,0,0,0,1,0,0,0,0,1,0,,,,
475,55,0,56,0,0,0,0,0,1,0,0,0,0,1,0,,,,
475,56,0,56,0,0,0,0,0,1,0,0,0,0,1,0,,,,
475,57,0,56,0,0,0,0,0,1,0,0,0,0,1,0,,,,
475,58,0,56,0,0,0,0,0,1,0,0,0,0,1,0,,,,
475,59,0,56,0,0,0,0,0,1,0,0,0,0,1,0,,,,
475,60,0,56,0,0,0,0,0,1,0,0,0,0,1,0,,,,
475,61,0,56,0,0,0,0,0,1,0,0,0,0,1,0,,,,
475,62,0,56,0,0,0,0,0,1,0,0,0,0,1,0,,,,
475,63,0,56,0,0,0,0,0,1,0,0,0,0,1,0,,,,
475,64,0,56,0,0,0,0,0,1,0,0,0,0,1,0,,,,
475,65,0,56,0,0,0,0,0,1,0,0,0,0,1,0,,,,
475,66,0,56,0,0,0,0,0,1,0,0,0,0,1,0,,,,
475,67,0,56,0,0,0,0,0,1,0,0,0,0,1,0,,,,
476,43,0,56,0,0,0,0,0,1,0,0,0,0,1,0,,,,
476,44,0,56,0,0,0,0,0,1,0,0,0,0,1,0,,,,
476,45,0,56,0,0,0,0,0,1,0,0,0,0,1,0,,,,
476,46,0,56,0,0,0,0,0,1,0,0,0,0,1,0,,,,
476,47,0,56,0,0,0,0,0,1,0,0,0,0,1,0,,,,
476,48,0,56,0,0,0,0,0,1,0,0,0,0,1,0,,,,
476,49,0,56,0,0,0,0,0,1,0,0,0,0,1,0,,,,
476,50,0,56,0,0,0,0,0,1,0,0,0,0,1,0,,,,
476,51,0,56,0,0,0,0,0,1,0,0,0,0,1,0,,,,
476,52,0,56,0,0,0,0,0,1,0,0,0,0,1,0,,,,
476,53,0,56,0,0,0,0,0,1,0,0,0,0,1,0,,,,
476,54,0,56,0,0,0,0,0,1,0,0,0,0,1,0,,,,
476,55,0,56,0,0,0,0,0,1,0,0,0,0,1,0,,,,
476,56,0,56,0,0,0,0,0,1,0,0,0,0,1,0,,,,
476,57,0,56,0,0,0,0,0,1,0,0,0,0,1,0,,,,
476,58,0,56,0,0,0,0,0,1,0,0,0,0,1,0,,,,
476,59,0,56,0,0,0,0,0,1,0,0,0,0,1,0,,,,
476,60,0,56,0,0,0,0,0,1,0,0,0,0,1,0,,,,
476,61,0,56,0,0,0,0,0,1,0,0,0,0,1,0,,,,
476,62,0,56,0,0,0,0,0,1,0,0,0,0,1,0,,,,
476,63,0,56,0,0,0,0,0,1,0,0,0,0,1,0,,,,
476,64,0,56,0,0,0,0,0,1,0,0,0,0,1,0,,,,
476,65,0,56,0,0,0,0,0,1,0,0,0,0,1,0,,,,
476,66,0,56,0,0,0,0,0,1,0,0,0,0,1,0,,,,
476,67,0,56,0,0,0,0,0,1,0,0,0,0,1,0,,,,
